Country,Death rate,Air_pollution_exposure,Population,Year,Continent
Afghanistan,30.252176,64.92246,19542986,2000,Asia
Afghanistan,29.658394,64.52268,24411196,2005,Asia
Afghanistan,38.090736,65.24559,28189672,2010,Asia
Afghanistan,41.256172,66.835724,29249156,2011,Asia
Afghanistan,45.564304,66.02317,30466484,2012,Asia
Afghanistan,49.775963,61.366745,31541216,2013,Asia
Afghanistan,52.99405,59.01033,32716214,2014,Asia
Afghanistan,54.272533,61.252655,33753500,2015,Asia
Afghanistan,53.6742,56.28705,34636212,2016,Asia
Afghanistan,53.322357,56.91081,35643420,2017,Asia
Armenia,88.53085,36.796448,3168525,2000,Asia
Armenia,93.23983,37.06873,3047254,2005,Asia
Armenia,92.87311,37.53004,2946296,2010,Asia
Armenia,91.39802,38.612274,2928984,2011,Asia
Armenia,89.11163,37.184486,2914428,2012,Asia
Armenia,86.189064,34.937214,2901386,2013,Asia
Armenia,85.68967,33.08595,2889937,2014,Asia
Armenia,86.02475,34.88143,2878598,2015,Asia
Armenia,82.59887,32.22717,2865841,2016,Asia
Armenia,80.116,32.52812,2851929,2017,Asia
Azerbaijan,89.567474,22.880772,8190341,2000,Asia
Azerbaijan,99.20794,22.865705,8656243,2005,Asia
Azerbaijan,113.95767,23.047602,9237203,2010,Asia
Azerbaijan,115.6062,23.62987,9359018,2011,Asia
Azerbaijan,117.33942,22.18081,9485577,2012,Asia
Azerbaijan,118.32037,22.27878,9614478,2013,Asia
Azerbaijan,120.19368,20.710068,9741879,2014,Asia
Azerbaijan,119.726105,21.414124,9863485,2015,Asia
Azerbaijan,117.95622,20.208157,9976254,2016,Asia
Azerbaijan,116.03072,19.928663,10071569,2017,Asia
Bahrain,158.68912,67.95779,711446,2000,Asia
Bahrain,173.29007,64.58727,901928,2005,Asia
Bahrain,137.53043,65.63088,1213655,2010,Asia
Bahrain,133.46094,63.7325,1212086,2011,Asia
Bahrain,130.41667,70.28748,1224948,2012,Asia
Bahrain,121.614265,67.79468,1261683,2013,Asia
Bahrain,113.04789,62.758545,1311142,2014,Asia
Bahrain,109.0957,72.604675,1362157,2015,Asia
Bahrain,108.01,69.86418,1409668,2016,Asia
Bahrain,107.55419,70.81621,1456844,2017,Asia
Bangladesh,42.914707,63.036343,129193336,2000,Asia
Bangladesh,48.268757,68.87354,140912592,2005,Asia
Bangladesh,53.249958,70.765,148391136,2010,Asia
Bangladesh,51.014023,70.21055,150211008,2011,Asia
Bangladesh,50.25644,70.79391,152090656,2012,Asia
Bangladesh,53.072926,65.64508,154030144,2013,Asia
Bangladesh,57.102554,68.39538,155961312,2014,Asia
Bangladesh,56.936325,66.96575,157830000,2015,Asia
Bangladesh,56.460144,60.126274,159784576,2016,Asia
Bangladesh,58.568104,60.845783,161793968,2017,Asia
Bhutan,25.411047,39.74958,587210,2000,Asia
Bhutan,34.373356,43.019634,663332,2005,Asia
Bhutan,44.900986,43.961884,705523,2010,Asia
Bhutan,47.258144,43.071705,713338,2011,Asia
Bhutan,49.948143,42.932274,721154,2012,Asia
Bhutan,52.495754,41.88191,728898,2013,Asia
Bhutan,54.24528,40.839672,736362,2014,Asia
Bhutan,54.723785,39.818638,743284,2015,Asia
Bhutan,53.1319,37.224365,749764,2016,Asia
Bhutan,51.601364,37.926502,756130,2017,Asia
Brunei,17.847681,6.8845134,333937,2000,Asia
Brunei,17.573616,7.244392,366728,2005,Asia
Brunei,13.543598,7.4170046,396064,2010,Asia
Brunei,14.066248,7.366187,401515,2011,Asia
Brunei,15.656767,7.5708227,406637,2012,Asia
Brunei,17.765366,6.70949,411704,2013,Asia
Brunei,19.340464,6.18083,416670,2014,Asia
Brunei,19.757751,6.48418,421449,2015,Asia
Brunei,18.063553,5.9276,426001,2016,Asia
Brunei,16.493937,5.9030657,430290,2017,Asia
Cambodia,25.066853,29.974033,12118844,2000,Asia
Cambodia,29.326363,31.408936,13246588,2005,Asia
Cambodia,32.787632,31.343136,14363534,2010,Asia
Cambodia,32.797626,30.919624,14573894,2011,Asia
Cambodia,32.652718,31.283733,14786650,2012,Asia
Cambodia,32.369568,30.336529,14999691,2013,Asia
Cambodia,32.105145,28.583366,15210817,2014,Asia
Cambodia,31.768122,26.76924,15417527,2015,Asia
Cambodia,31.331322,25.202875,15624586,2016,Asia
Cambodia,31.017296,25.614292,15830694,2017,Asia
China,92.626076,60.704838,1264099072,2000,Asia
China,95.68895,66.17451,1304887552,2005,Asia
China,96.365746,69.47957,1348191360,2010,Asia
China,96.315475,70.54203,1357095424,2011,Asia
China,94.88695,63.82702,1366560768,2012,Asia
China,93.82662,65.51455,1376100352,2013,Asia
China,92.231224,59.76737,1385189632,2014,Asia
China,89.8636,59.063423,1393715456,2015,Asia
China,86.81066,52.211323,1401889664,2016,Asia
China,83.25248,52.664597,1410275968,2017,Asia
Cyprus,49.58682,20.184994,948238,2000,Asia
Cyprus,41.16097,19.718044,1037070,2005,Asia
Cyprus,35.54991,20.081865,1129693,2010,Asia
Cyprus,33.86842,20.090963,1145090,2011,Asia
Cyprus,32.232822,19.224844,1156556,2012,Asia
Cyprus,30.704268,18.684546,1166972,2013,Asia
Cyprus,29.475891,18.293528,1176997,2014,Asia
Cyprus,28.19559,19.101347,1187286,2015,Asia
Cyprus,25.328651,16.958021,1197889,2016,Asia
Cyprus,23.171885,17.294407,1208527,2017,Asia
East Timor,9.997966,23.501297,878367,2000,Asia
East Timor,14.460769,23.25316,969318,2005,Asia
East Timor,21.46144,23.492395,1088492,2010,Asia
East Timor,22.7367,23.75672,1112985,2011,Asia
East Timor,23.756542,22.466623,1137683,2012,Asia
East Timor,24.654608,21.964622,1161558,2013,Asia
East Timor,25.467207,20.4501,1184842,2014,Asia
East Timor,25.997454,20.623186,1205822,2015,Asia
East Timor,26.468346,20.017902,1224568,2016,Asia
East Timor,26.968634,19.25721,1243238,2017,Asia
Georgia,60.22714,25.273802,4265175,2000,Asia
Georgia,59.467346,25.627283,3961183,2005,Asia
Georgia,55.927197,26.101238,3836834,2010,Asia
Georgia,54.486595,26.783604,3821667,2011,Asia
Georgia,51.885124,25.00285,3804358,2012,Asia
Georgia,49.9171,23.910204,3786025,2013,Asia
Georgia,49.135586,22.966707,3774232,2014,Asia
Georgia,49.104263,24.252645,3771135,2015,Asia
Georgia,50.732716,21.829636,3771112,2016,Asia
Georgia,50.879353,22.196054,3771904,2017,Asia
India,68.19325,84.1648,1059633664,2000,Asia
India,71.01698,90.32646,1154638720,2005,Asia
India,77.907845,95.75818,1240613632,2010,Asia
India,81.18521,97.59938,1257621248,2011,Asia
India,86.026115,88.16944,1274487168,2012,Asia
India,93.59803,91.804794,1291132032,2013,Asia
India,97.30841,89.62238,1307246464,2014,Asia
India,96.43839,89.30334,1322866560,2015,Asia
India,93.43888,89.67218,1338636288,2016,Asia
India,91.83031,90.87321,1354195712,2017,Asia
Indonesia,47.449066,17.87739,214072416,2000,Asia
Indonesia,49.57176,18.926638,228805152,2005,Asia
Indonesia,56.782345,18.169281,244016176,2010,Asia
Indonesia,56.73077,18.049652,247099696,2011,Asia
Indonesia,56.66157,18.17017,250222688,2012,Asia
Indonesia,56.303265,16.87918,253275920,2013,Asia
Indonesia,55.799717,16.454632,256229760,2014,Asia
Indonesia,55.492603,16.64028,259091968,2015,Asia
Indonesia,54.295227,16.384153,261850176,2016,Asia
Indonesia,53.341835,16.502653,264498848,2017,Asia
Iran,96.37021,38.417778,65544380,2000,Asia
Iran,84.65975,37.627766,70182592,2005,Asia
Iran,73.982056,38.6515,75373864,2010,Asia
Iran,71.17675,38.04969,76342968,2011,Asia
Iran,69.45008,38.542053,77324448,2012,Asia
Iran,69.088524,38.101093,78458928,2013,Asia
Iran,68.66491,38.109493,79961672,2014,Asia
Iran,68.95879,39.61053,81790848,2015,Asia
Iran,67.46098,38.8413,83306232,2016,Asia
Iran,65.80851,38.97876,84505080,2017,Asia
Iraq,136.86282,62.45796,24628860,2000,Asia
Iraq,134.33392,62.851788,28698688,2005,Asia
Iraq,141.44228,68.7114,31264880,2010,Asia
Iraq,138.57043,66.36261,32378066,2011,Asia
Iraq,135.2915,66.84208,33864452,2012,Asia
Iraq,131.76634,63.802696,35481804,2013,Asia
Iraq,128.82779,56.56703,36746484,2014,Asia
Iraq,126.720764,66.26504,37757812,2015,Asia
Iraq,123.335106,63.954796,38697940,2016,Asia
Iraq,120.06846,61.636234,39621156,2017,Asia
Israel,37.348125,24.503624,6116955,2000,Asia
Israel,30.381643,22.982794,6714119,2005,Asia
Israel,25.741758,24.019238,7328439,2010,Asia
Israel,25.280018,23.904686,7459750,2011,Asia
Israel,24.239344,23.038849,7592099,2012,Asia
Israel,23.154715,22.946331,7726675,2013,Asia
Israel,22.015797,22.059147,7863849,2014,Asia
Israel,21.33335,22.779783,8007777,2015,Asia
Israel,19.735813,20.765701,8159015,2016,Asia
Israel,18.778288,21.381102,8309256,2017,Asia
Japan,13.362634,14.209626,126803864,2000,Asia
Japan,10.974667,14.348666,127798376,2005,Asia
Japan,9.183131,14.142338,128105432,2010,Asia
Japan,9.290385,14.141031,128007256,2011,Asia
Japan,9.440292,13.128872,127853688,2012,Asia
Japan,9.673028,13.362558,127678920,2013,Asia
Japan,9.805163,12.5866165,127476728,2014,Asia
Japan,9.761757,12.68746,127250936,2015,Asia
Japan,9.662662,11.623922,126993856,2016,Asia
Japan,9.42528,11.704778,126662464,2017,Asia
Jordan,89.98582,33.511444,5056172,2000,Asia
Jordan,89.24896,32.482838,5678541,2005,Asia
Jordan,69.53154,33.550568,6931263,2010,Asia
Jordan,67.97974,33.01726,7109980,2011,Asia
Jordan,65.39027,33.016933,7211866,2012,Asia
Jordan,62.34674,33.41761,7694818,2013,Asia
Jordan,61.018948,33.20542,8658030,2014,Asia
Jordan,60.26713,34.30545,9494250,2015,Asia
Jordan,58.91708,33.176617,9964659,2016,Asia
Jordan,56.823875,33.00608,10215384,2017,Asia
Kazakhstan,83.00682,15.944765,15236256,2000,Asia
Kazakhstan,82.31328,15.618641,15656255,2005,Asia
Kazakhstan,77.59227,15.914494,16627839,2010,Asia
Kazakhstan,77.68074,15.243835,16864920,2011,Asia
Kazakhstan,77.73595,14.481038,17102868,2012,Asia
Kazakhstan,76.40217,14.598564,17345734,2013,Asia
Kazakhstan,74.84379,13.749754,17592296,2014,Asia
Kazakhstan,73.65322,14.384802,17835908,2015,Asia
Kazakhstan,71.97206,13.084438,18078558,2016,Asia
Kazakhstan,69.69722,13.824288,18314822,2017,Asia
Kuwait,83.01598,61.481995,1934910,2000,Asia
Kuwait,82.78467,59.67399,2235409,2005,Asia
Kuwait,75.20698,62.74398,2943364,2010,Asia
Kuwait,69.71593,62.825405,3143827,2011,Asia
Kuwait,69.98625,64.07091,3394668,2012,Asia
Kuwait,67.53271,62.61131,3646520,2013,Asia
Kuwait,65.67357,55.623905,3761590,2014,Asia
Kuwait,65.57106,65.406075,3908745,2015,Asia
Kuwait,65.009,60.843853,4048090,2016,Asia
Kuwait,64.52361,60.74516,4124904,2017,Asia
Kyrgyzstan,72.53316,27.08022,4935185,2000,Asia
Kyrgyzstan,75.91895,26.777441,5193112,2005,Asia
Kyrgyzstan,71.27099,27.265387,5483781,2010,Asia
Kyrgyzstan,70.2873,27.517603,5552339,2011,Asia
Kyrgyzstan,69.87041,25.489832,5631955,2012,Asia
Kyrgyzstan,68.73361,25.440355,5719561,2013,Asia
Kyrgyzstan,68.78353,23.298191,5814426,2014,Asia
Kyrgyzstan,69.50185,24.344736,5914985,2015,Asia
Kyrgyzstan,65.56052,23.195557,6018303,2016,Asia
Kyrgyzstan,64.16637,22.737768,6121266,2017,Asia
Laos,27.566341,27.545067,5430862,2000,Asia
Laos,30.47404,30.17021,5852969,2005,Asia
Laos,33.913605,31.731997,6323425,2010,Asia
Laos,33.084637,29.66966,6416331,2011,Asia
Laos,32.300625,30.297419,6508806,2012,Asia
Laos,31.558798,30.25949,6600736,2013,Asia
Laos,30.891361,28.390171,6691467,2014,Asia
Laos,30.447798,26.139488,6787420,2015,Asia
Laos,30.09715,25.801018,6891366,2016,Asia
Laos,30.030481,25.109539,6997925,2017,Asia
Lebanon,68.34598,30.614206,4320650,2000,Asia
Lebanon,68.92581,30.024769,4643052,2005,Asia
Lebanon,75.791,30.892124,4995799,2010,Asia
Lebanon,75.776955,30.069107,5045061,2011,Asia
Lebanon,75.22923,30.108051,5178338,2012,Asia
Lebanon,74.52873,30.588099,5678859,2013,Asia
Lebanon,73.72576,30.444567,6274345,2014,Asia
Lebanon,72.59667,31.229296,6398941,2015,Asia
Lebanon,69.451065,30.17187,6258628,2016,Asia
Lebanon,66.35044,30.62111,6109255,2017,Asia
Malaysia,62.757748,18.07617,22945152,2000,Asia
Malaysia,57.77945,19.377811,25923540,2005,Asia
Malaysia,51.11613,18.593754,28717728,2010,Asia
Malaysia,49.61958,19.202608,29184140,2011,Asia
Malaysia,48.901928,19.182222,29660216,2012,Asia
Malaysia,46.49937,17.554447,30134806,2013,Asia
Malaysia,47.108,16.923155,30606454,2014,Asia
Malaysia,46.946167,17.44091,31068834,2015,Asia
Malaysia,45.021236,15.7512865,31526414,2016,Asia
Malaysia,42.71112,16.035809,31975812,2017,Asia
Maldives,25.134443,11.089533,282520,2000,Asia
Maldives,22.600288,11.435359,307023,2005,Asia
Maldives,22.895807,11.30983,361579,2010,Asia
Maldives,21.637836,11.789635,374450,2011,Asia
Maldives,19.867105,11.157482,387552,2012,Asia
Maldives,17.993729,10.569679,400741,2013,Asia
Maldives,16.43862,9.921231,416746,2014,Asia
Maldives,15.557144,9.373944,435590,2015,Asia
Maldives,16.59081,7.972429,454263,2016,Asia
Maldives,17.676147,7.7958207,472449,2017,Asia
Mongolia,92.91687,39.032528,2450988,2000,Asia
Mongolia,88.57616,39.726406,2559258,2005,Asia
Mongolia,96.62094,43.304653,2702527,2010,Asia
Mongolia,98.88607,45.36017,2743946,2011,Asia
Mongolia,101.41022,42.654373,2792354,2012,Asia
Mongolia,102.309944,42.321312,2845160,2013,Asia
Mongolia,101.12015,39.29514,2902826,2014,Asia
Mongolia,100.03779,42.51465,2964756,2015,Asia
Mongolia,100.935074,38.222816,3029559,2016,Asia
Mongolia,100.91985,40.11285,3096033,2017,Asia
Myanmar,44.53553,39.361652,45538340,2000,Asia
Myanmar,55.423866,43.321453,47724472,2005,Asia
Myanmar,60.860096,44.056114,49390988,2010,Asia
Myanmar,60.193573,43.619904,49794528,2011,Asia
Myanmar,59.102596,42.52281,50218196,2012,Asia
Myanmar,58.420135,42.88287,50648336,2013,Asia
Myanmar,57.580013,40.288967,51072436,2014,Asia
Myanmar,57.028687,38.513783,51483956,2015,Asia
Myanmar,56.39784,36.033703,51892352,2016,Asia
Myanmar,55.95,35.557453,52288344,2017,Asia
Nepal,45.077343,88.94302,24559504,2000,Asia
Nepal,53.17221,93.21825,26285112,2005,Asia
Nepal,67.72561,100.78443,27161572,2010,Asia
Nepal,72.37194,100.76606,27266398,2011,Asia
Nepal,77.886696,96.963295,27330696,2012,Asia
Nepal,83.4582,95.31399,27381558,2013,Asia
Nepal,87.12427,98.11602,27462110,2014,Asia
Nepal,88.954155,96.25277,27610328,2015,Asia
Nepal,88.165596,98.05471,27861186,2016,Asia
Nepal,87.5747,99.734375,28183424,2017,Asia
North Korea,56.53739,38.162056,23367064,2000,Asia
North Korea,61.4756,39.094715,24100980,2005,Asia
North Korea,63.875378,39.342655,24686436,2010,Asia
North Korea,65.722206,38.893368,24783790,2011,Asia
North Korea,69.00514,36.407513,24887770,2012,Asia
North Korea,72.41617,37.134857,25001824,2013,Asia
North Korea,74.6455,35.240215,25126140,2014,Asia
North Korea,74.71173,37.411785,25258012,2015,Asia
North Korea,72.21502,31.758425,25389614,2016,Asia
North Korea,70.01798,32.00745,25516318,2017,Asia
Oman,162.0215,39.85529,2344261,2000,Asia
Oman,152.0525,39.655273,2515202,2005,Asia
Oman,149.53677,37.515335,2881915,2010,Asia
Oman,145.73445,39.103794,3206883,2011,Asia
Oman,139.68538,40.733284,3535585,2012,Asia
Oman,142.85208,41.05277,3816688,2013,Asia
Oman,145.2556,37.71088,4009272,2014,Asia
Oman,149.0472,42.62759,4191784,2015,Asia
Oman,150.16371,41.782192,4398080,2016,Asia
Oman,146.02014,41.11524,4541853,2017,Asia
Pakistan,57.155586,61.106026,154369920,2000,Asia
Pakistan,65.57468,63.378437,174372096,2005,Asia
Pakistan,78.31867,68.00519,194454496,2010,Asia
Pakistan,81.483986,68.54494,198602736,2011,Asia
Pakistan,85.335686,62.376648,202205856,2012,Asia
Pakistan,89.531456,61.022163,205337552,2013,Asia
Pakistan,92.48263,59.518364,208251632,2014,Asia
Pakistan,93.326935,60.08589,210969296,2015,Asia
Pakistan,92.29843,58.632763,213524848,2016,Asia
Pakistan,91.21893,58.282417,216379648,2017,Asia
Philippines,46.13277,22.203897,77958224,2000,Asia
Philippines,51.302185,22.818571,86261248,2005,Asia
Philippines,46.011223,23.592316,94636704,2010,Asia
Philippines,45.315197,22.754835,96337912,2011,Asia
Philippines,45.013336,22.549583,98032320,2012,Asia
Philippines,44.49459,21.216288,99700112,2013,Asia
Philippines,44.105305,20.259586,101325208,2014,Asia
Philippines,44.27386,19.581543,103031360,2015,Asia
Philippines,43.692562,18.226929,104875272,2016,Asia
Philippines,43.36074,18.0698,106738496,2017,Asia
Qatar,182.7038,83.53533,645947,2000,Asia
Qatar,171.47964,85.32647,848718,2005,Asia
Qatar,160.89973,84.1229,1713512,2010,Asia
Qatar,153.18468,81.273,1804175,2011,Asia
Qatar,147.37292,89.24697,1905670,2012,Asia
Qatar,144.36221,88.89052,2035509,2013,Asia
Qatar,144.65915,78.83284,2214471,2014,Asia
Qatar,150.3291,94.40389,2414580,2015,Asia
Qatar,145.32417,88.22245,2595175,2016,Asia
Qatar,140.50142,91.187325,2711764,2017,Asia
Saudi Arabia,136.12416,79.07552,21547398,2000,Asia
Saudi Arabia,137.46466,76.42245,24397652,2005,Asia
Saudi Arabia,136.45888,81.69918,29411930,2010,Asia
Saudi Arabia,133.47018,82.41903,30150952,2011,Asia
Saudi Arabia,130.42783,85.513306,30821554,2012,Asia
Saudi Arabia,128.0665,83.63099,31482502,2013,Asia
Saudi Arabia,125.18477,75.608444,32125570,2014,Asia
Saudi Arabia,123.20138,97.43229,32749838,2015,Asia
Saudi Arabia,119.54373,84.465775,33416272,2016,Asia
Saudi Arabia,115.779144,87.94545,34193120,2017,Asia
Singapore,35.024555,19.323185,4053602,2000,Asia
Singapore,25.194416,20.801313,4344645,2005,Asia
Singapore,19.22698,20.60946,5163585,2010,Asia
Singapore,18.713697,19.34942,5281351,2011,Asia
Singapore,19.03513,20.886494,5381003,2012,Asia
Singapore,19.39277,18.707071,5478063,2013,Asia
Singapore,19.597006,17.408876,5570505,2014,Asia
Singapore,19.364693,20.66339,5650020,2015,Asia
Singapore,18.802452,18.797802,5711936,2016,Asia
Singapore,18.37634,19.078257,5764489,2017,Asia
South Korea,47.81632,29.765469,46788588,2000,Asia
South Korea,37.257973,30.406904,47889576,2005,Asia
South Korea,27.917341,29.80201,48813036,2010,Asia
South Korea,27.400139,29.681194,49169880,2011,Asia
South Korea,27.409826,27.915953,49634188,2012,Asia
South Korea,27.182528,29.461918,50098228,2013,Asia
South Korea,26.821068,27.21311,50558044,2014,Asia
South Korea,26.47071,28.214243,50994396,2015,Asia
South Korea,25.730965,25.098541,51309984,2016,Asia
South Korea,25.595156,25.039425,51511640,2017,Asia
Sri Lanka,35.449463,30.855762,18776374,2000,Asia
Sri Lanka,37.447678,30.956736,19673866,2005,Asia
Sri Lanka,40.561184,31.033781,20668556,2010,Asia
Sri Lanka,39.973507,31.232075,20859746,2011,Asia
Sri Lanka,38.15099,30.083973,21017150,2012,Asia
Sri Lanka,35.385647,28.898228,21131762,2013,Asia
Sri Lanka,33.979485,26.922777,21239448,2014,Asia
Sri Lanka,32.177658,25.337343,21336692,2015,Asia
Sri Lanka,32.374256,14.025445,21425494,2016,Asia
Sri Lanka,32.92941,11.099617,21506816,2017,Asia
Syria,115.29308,41.556305,16307659,2000,Asia
Syria,101.03829,39.94175,18583556,2005,Asia
Syria,110.66696,42.657684,22337558,2010,Asia
Syria,110.66299,41.124954,22730734,2011,Asia
Syria,109.26579,41.016838,22605582,2012,Asia
Syria,108.79848,41.914967,21495830,2013,Asia
Syria,107.93024,41.53448,20072232,2014,Asia
Syria,106.04495,44.313908,19205178,2015,Asia
Syria,103.70103,43.702553,18964252,2016,Asia
Syria,101.16438,43.75726,18983370,2017,Asia
Tajikistan,70.259285,51.182663,6273001,2000,Asia
Tajikistan,82.005325,49.33935,6929153,2005,Asia
Tajikistan,96.29078,50.40542,7621785,2010,Asia
Tajikistan,101.177376,54.31996,7784820,2011,Asia
Tajikistan,106.13404,48.989605,7956383,2012,Asia
Tajikistan,109.667625,49.55314,8136612,2013,Asia
Tajikistan,116.08617,46.480827,8326354,2014,Asia
Tajikistan,121.15874,47.792973,8524066,2015,Asia
Tajikistan,124.487854,43.37771,8725326,2016,Asia
Tajikistan,124.462654,46.152184,8925529,2017,Asia
Thailand,49.287846,30.960352,63066604,2000,Asia
Thailand,44.64124,31.807034,65821360,2005,Asia
Thailand,41.076496,31.5654,68270488,2010,Asia
Thailand,39.248306,31.609629,68712848,2011,Asia
Thailand,36.961163,31.525314,69157024,2012,Asia
Thailand,34.745426,31.174725,69578600,2013,Asia
Thailand,33.38851,29.364641,69960944,2014,Asia
Thailand,32.56636,27.344566,70294408,2015,Asia
Thailand,32.659,26.258055,70607032,2016,Asia
Thailand,32.28479,26.256727,70898208,2017,Asia
Turkey,59.799984,42.692524,64113548,2000,Asia
Turkey,53.56085,41.202015,68704712,2005,Asia
Turkey,62.350143,43.821228,73195352,2010,Asia
Turkey,61.67843,40.54511,74173856,2011,Asia
Turkey,60.654846,41.920918,75277440,2012,Asia
Turkey,60.52612,42.062584,76576120,2013,Asia
Turkey,60.09113,42.59577,78112064,2014,Asia
Turkey,58.506634,45.401554,79646176,2015,Asia
Turkey,55.93427,44.482758,81019400,2016,Asia
Turkey,53.167835,44.311527,82089824,2017,Asia
Turkmenistan,126.64016,25.471556,4569135,2000,Asia
Turkmenistan,116.054665,23.854057,4885780,2005,Asia
Turkmenistan,101.43711,24.85183,5267975,2010,Asia
Turkmenistan,103.14124,25.4961,5360813,2011,Asia
Turkmenistan,103.81908,23.80201,5458688,2012,Asia
Turkmenistan,106.02761,23.72189,5560099,2013,Asia
Turkmenistan,107.499725,22.084908,5663159,2014,Asia
Turkmenistan,107.93244,22.97054,5766427,2015,Asia
Turkmenistan,104.83314,21.741123,5868568,2016,Asia
Turkmenistan,100.78455,21.767721,5968388,2017,Asia
United Arab Emirates,182.77322,39.6988,3275338,2000,Asia
United Arab Emirates,185.36366,38.989063,4280995,2005,Asia
United Arab Emirates,150.12854,38.98007,8481775,2010,Asia
United Arab Emirates,146.27525,39.19343,8575210,2011,Asia
United Arab Emirates,143.39693,39.277126,8664976,2012,Asia
United Arab Emirates,134.85576,39.608154,8751853,2013,Asia
United Arab Emirates,113.57263,37.98342,8835957,2014,Asia
United Arab Emirates,111.71845,42.33499,8916909,2015,Asia
United Arab Emirates,108.154,40.522102,8994266,2016,Asia
United Arab Emirates,104.82042,40.91751,9068297,2017,Asia
Uzbekistan,156.26346,31.936346,24925558,2000,Asia
Uzbekistan,181.59843,31.530294,26573428,2005,Asia
Uzbekistan,185.01378,32.077454,28614234,2010,Asia
Uzbekistan,191.68057,33.993835,29057456,2011,Asia
Uzbekistan,197.33214,31.662106,29503058,2012,Asia
Uzbekistan,199.27528,30.805193,29963220,2013,Asia
Uzbekistan,200.2941,28.900036,30446542,2014,Asia
Uzbekistan,199.48889,30.394331,30949416,2015,Asia
Uzbekistan,193.77734,27.814346,31453576,2016,Asia
Uzbekistan,189.00334,28.455902,31945680,2017,Asia
Vietnam,33.50535,36.238846,79001144,2000,Asia
Vietnam,42.748608,37.74959,83142096,2005,Asia
Vietnam,51.11766,39.3654,87411016,2010,Asia
Vietnam,50.566303,38.486977,88349104,2011,Asia
Vietnam,49.575855,37.22745,89301328,2012,Asia
Vietnam,48.453075,36.835907,90267736,2013,Asia
Vietnam,47.25868,34.896015,91235504,2014,Asia
Vietnam,46.171165,32.466442,92191400,2015,Asia
Vietnam,45.162807,30.241312,93126528,2016,Asia
Vietnam,44.42795,29.626728,94033048,2017,Asia
Yemen,47.24996,50.86793,18628704,2000,Asia
Yemen,54.15808,45.144806,21320676,2005,Asia
Yemen,65.40357,45.97947,24743944,2010,Asia
Yemen,68.318474,50.83529,25475608,2011,Asia
Yemen,71.30218,51.434456,26223390,2012,Asia
Yemen,74.24303,52.998444,26984008,2013,Asia
Yemen,76.16109,48.338654,27753310,2014,Asia
Yemen,78.26961,54.26029,28516552,2015,Asia
Yemen,78.98714,50.127625,29274010,2016,Asia
Yemen,80.148,50.456005,30034386,2017,Asia
Albania,41.53556,21.99825,3182027,2000,Europe
Albania,43.645786,21.575258,3032636,2005,Europe
Albania,40.049587,21.277828,2913402,2010,Europe
Albania,40.040226,22.772537,2900660,2011,Europe
Albania,39.407585,20.578259,2892191,2012,Europe
Albania,38.891666,19.938517,2887019,2013,Europe
Albania,38.829792,18.883955,2884100,2014,Europe
Albania,38.83486,19.512539,2882482,2015,Europe
Albania,38.31611,18.189934,2881064,2016,Europe
Albania,37.8349,18.200602,2879361,2017,Europe
Andorra,15.254918,12.594015,66116,2000,Europe
Andorra,12.214813,12.961378,79845,2005,Europe
Andorra,10.452133,12.807198,71542,2010,Europe
Andorra,10.207686,13.273505,70587,2011,Europe
Andorra,9.943585,12.407053,71035,2012,Europe
Andorra,9.710315,11.813673,71385,2013,Europe
Andorra,9.390733,10.830419,71644,2014,Europe
Andorra,8.977569,11.462178,71766,2015,Europe
Andorra,8.089936,10.255835,72563,2016,Europe
Andorra,7.3463936,10.307621,73853,2017,Europe
Austria,29.186579,15.355363,8010425,2000,Europe
Austria,23.564487,15.592063,8227034,2005,Europe
Austria,19.357393,15.14914,8362829,2010,Europe
Austria,18.456669,15.573371,8391201,2011,Europe
Austria,17.550053,14.282332,8429641,2012,Europe
Austria,16.538666,14.081614,8479542,2013,Europe
Austria,15.45652,13.379228,8546066,2014,Europe
Austria,14.640605,13.541095,8642422,2015,Europe
Austria,13.203424,12.596816,8736491,2016,Europe
Austria,12.173432,12.477966,8797497,2017,Europe
Belarus,90.523926,22.650267,10256489,2000,Europe
Belarus,92.32495,22.8719,9935166,2005,Europe
Belarus,86.1356,23.31941,9731426,2010,Europe
Belarus,86.04241,22.911146,9706983,2011,Europe
Belarus,74.60546,21.646372,9693754,2012,Europe
Belarus,70.40942,20.59046,9691143,2013,Europe
Belarus,66.116,19.766054,9693741,2014,Europe
Belarus,61.323128,20.076277,9700609,2015,Europe
Belarus,56.71161,18.878239,9708111,2016,Europe
Belarus,53.883034,18.76558,9707874,2017,Europe
Belgium,30.77863,15.662451,10264351,2000,Europe
Belgium,23.864159,15.436352,10516979,2005,Europe
Belgium,22.099688,16.00932,10877948,2010,Europe
Belgium,21.049515,15.698442,10955742,2011,Europe
Belgium,19.668957,14.741894,11031140,2012,Europe
Belgium,17.805588,14.02267,11103260,2013,Europe
Belgium,15.842236,13.233622,11176727,2014,Europe
Belgium,14.973626,13.566523,11248306,2015,Europe
Belgium,14.239771,12.833088,11316837,2016,Europe
Belgium,14.023226,12.8865185,11384491,2017,Europe
Bosnia and Herzegovina,66.17963,33.17226,4179355,2000,Europe
Bosnia and Herzegovina,77.237785,33.77212,4094297,2005,Europe
Bosnia and Herzegovina,70.74101,32.300156,3811093,2010,Europe
Bosnia and Herzegovina,70.89615,34.191868,3743143,2011,Europe
Bosnia and Herzegovina,69.32386,31.77326,3674376,2012,Europe
Bosnia and Herzegovina,69.17166,30.44623,3617564,2013,Europe
Bosnia and Herzegovina,69.14816,28.777325,3571070,2014,Europe
Bosnia and Herzegovina,70.336586,29.622839,3524328,2015,Europe
Bosnia and Herzegovina,66.66702,27.594467,3480985,2016,Europe
Bosnia and Herzegovina,63.94581,27.74767,3440025,2017,Europe
Bulgaria,112.31824,24.08981,8097694,2000,Europe
Bulgaria,92.72774,23.2673,7815221,2005,Europe
Bulgaria,77.8179,22.756195,7592271,2010,Europe
Bulgaria,74.844124,24.300327,7543128,2011,Europe
Bulgaria,70.79039,22.644655,7488347,2012,Europe
Bulgaria,67.11642,20.999638,7431169,2013,Europe
Bulgaria,67.10481,20.74357,7372142,2014,Europe
Bulgaria,65.09986,20.776428,7309255,2015,Europe
Bulgaria,63.775803,19.283012,7245982,2016,Europe
Bulgaria,62.766365,19.149132,7182430,2017,Europe
Croatia,62.059723,21.512384,4548438,2000,Europe
Croatia,56.816338,22.122633,4429687,2005,Europe
Croatia,46.540977,21.334719,4368680,2010,Europe
Croatia,44.485817,21.966003,4351838,2011,Europe
Croatia,42.80957,20.202423,4331592,2012,Europe
Croatia,40.14491,19.586962,4308854,2013,Europe
Croatia,39.326073,18.433104,4283968,2014,Europe
Croatia,39.700993,19.206682,4254821,2015,Europe
Croatia,35.31516,17.789318,4223748,2016,Europe
Croatia,33.921715,17.901772,4192468,2017,Europe
Czechia,58.59609,20.436707,10234712,2000,Europe
Czechia,49.615177,19.946592,10280122,2005,Europe
Czechia,41.283676,20.67687,10464750,2010,Europe
Czechia,39.848,20.081247,10496379,2011,Europe
Czechia,37.81434,18.743176,10511065,2012,Europe
Czechia,35.71625,17.996286,10514547,2013,Europe
Czechia,33.049,17.391216,10517178,2014,Europe
Czechia,31.883465,17.416452,10523801,2015,Europe
Czechia,30.147152,16.100584,10527584,2016,Europe
Czechia,29.216948,16.071245,10531315,2017,Europe
Denmark,28.334534,12.41694,5340662,2000,Europe
Denmark,21.847881,12.078428,5436314,2005,Europe
Denmark,19.295202,11.929148,5550850,2010,Europe
Denmark,17.780016,12.662332,5576016,2011,Europe
Denmark,15.876733,11.115525,5600955,2012,Europe
Denmark,13.957733,10.820279,5625393,2013,Europe
Denmark,12.294384,11.066705,5650654,2014,Europe
Denmark,11.526011,10.657286,5677795,2015,Europe
Denmark,11.583112,10.095972,5706856,2016,Europe
Denmark,11.63022,10.029654,5737286,2017,Europe
Estonia,25.383211,8.227386,1396881,2000,Europe
Estonia,20.203342,8.457243,1354665,2005,Europe
Estonia,13.963784,8.519849,1331535,2010,Europe
Estonia,13.16078,8.442559,1327435,2011,Europe
Estonia,11.676755,7.8106985,1322682,2012,Europe
Estonia,9.734527,7.4828134,1317985,2013,Europe
Estonia,8.427279,7.7055526,1314531,2014,Europe
Estonia,6.9982247,7.0037274,1314658,2015,Europe
Estonia,6.0172544,6.821448,1315928,2016,Europe
Estonia,5.3895965,6.732124,1317550,2017,Europe
Finland,10.367229,7.0938787,5176208,2000,Europe
Finland,7.5802045,7.1424546,5246070,2005,Europe
Finland,6.544305,7.1903315,5363279,2010,Europe
Finland,6.0247407,7.2836995,5388173,2011,Europe
Finland,5.279108,6.6011333,5413865,2012,Europe
Finland,4.4211655,6.2786894,5438873,2013,Europe
Finland,3.6322534,6.46864,5461436,2014,Europe
Finland,3.0470362,6.063834,5479457,2015,Europe
Finland,2.666009,5.8937573,5495217,2016,Europe
Finland,2.4823182,5.861331,5508146,2017,Europe
France,19.408861,14.723018,58665456,2000,Europe
France,15.656328,14.704506,60510080,2005,Europe
France,14.190564,14.845621,62444568,2010,Europe
France,13.626109,14.878019,62775272,2011,Europe
France,12.862055,13.834754,63071412,2012,Europe
France,11.821579,13.594309,63335180,2013,Europe
France,10.711128,12.289703,63588496,2014,Europe
France,10.167885,12.7457075,63809768,2015,Europe
France,9.2225,11.855185,63989320,2016,Europe
France,8.849526,11.814963,64144092,2017,Europe
Germany,27.873379,14.9039345,81551680,2000,Europe
Germany,21.504179,14.535209,81212168,2005,Europe
Germany,20.508043,15.189495,81325088,2010,Europe
Germany,19.653425,14.664228,81423384,2011,Europe
Germany,18.474083,13.577642,81545568,2012,Europe
Germany,17.256231,13.191919,81680592,2013,Europe
Germany,15.596514,12.751221,81858824,2014,Europe
Germany,14.87651,12.8260975,82073232,2015,Europe
Germany,13.937388,11.937811,82331432,2016,Europe
Germany,13.277885,12.028768,82624368,2017,Europe
Greece,43.387417,19.918608,11038112,2000,Europe
Greece,36.5775,19.308104,11113450,2005,Europe
Greece,31.758553,19.061089,11033784,2010,Europe
Greece,30.995787,20.001541,11004730,2011,Europe
Greece,29.794426,18.420769,10963633,2012,Europe
Greece,27.371412,17.779417,10914501,2013,Europe
Greece,25.29073,17.365042,10862972,2014,Europe
Greece,23.987482,17.740557,10806644,2015,Europe
Greece,22.221582,16.32892,10749742,2016,Europe
Greece,21.233315,16.218266,10692230,2017,Europe
Hungary,62.553623,18.98185,10202054,2000,Europe
Hungary,56.05039,19.46655,10073533,2005,Europe
Hungary,49.049995,19.135525,9986832,2010,Europe
Hungary,47.27778,19.36069,9953247,2011,Europe
Hungary,45.332573,17.52996,9922133,2012,Europe
Hungary,42.31907,17.23183,9894637,2013,Europe
Hungary,40.623936,16.315329,9867906,2014,Europe
Hungary,40.00157,17.23213,9844250,2015,Europe
Hungary,37.09517,15.88535,9815106,2016,Europe
Hungary,36.559635,15.926048,9788940,2017,Europe
Iceland,7.1044645,7.9545584,281469,2000,Europe
Iceland,5.5807667,7.8429465,297037,2005,Europe
Iceland,4.624362,7.856537,318346,2010,Europe
Iceland,4.3407774,8.098885,319308,2011,Europe
Iceland,4.002683,7.3369293,320988,2012,Europe
Iceland,3.5742965,7.171207,324036,2013,Europe
Iceland,3.1133926,6.9488964,327650,2014,Europe
Iceland,2.9162793,6.927969,331068,2015,Europe
Iceland,2.776008,6.607654,335677,2016,Europe
Iceland,2.7130616,6.4811473,343641,2017,Europe
Ireland,23.969421,10.137776,3768954,2000,Europe
Ireland,16.542925,9.922229,4121220,2005,Europe
Ireland,12.043808,9.976375,4524581,2010,Europe
Ireland,11.6202345,10.285079,4544504,2011,Europe
Ireland,10.853061,9.522692,4564550,2012,Europe
Ireland,9.988715,9.360153,4588830,2013,Europe
Ireland,9.044194,8.750522,4622165,2014,Europe
Ireland,8.287442,8.672474,4665764,2015,Europe
Ireland,7.330693,8.279163,4715791,2016,Europe
Ireland,6.7774796,8.208577,4771860,2017,Europe
Italy,32.64598,19.777334,56966400,2000,Europe
Italy,25.58411,19.600878,58199876,2005,Europe
Italy,21.198511,19.02523,59822452,2010,Europe
Italy,20.52939,19.994267,60025952,2011,Europe
Italy,19.782768,18.105247,60190152,2012,Europe
Italy,18.705788,17.757723,60312600,2013,Europe
Italy,17.747463,17.76927,60322792,2014,Europe
Italy,17.410059,17.891445,60232908,2015,Europe
Italy,15.672238,16.490374,60118628,2016,Europe
Italy,14.785835,16.750711,60004024,2017,Europe
Latvia,59.48677,16.719967,2392536,2000,Europe
Latvia,58.381004,16.855894,2233165,2005,Europe
Latvia,50.8523,17.115065,2101537,2010,Europe
Latvia,47.827274,16.572676,2076974,2011,Europe
Latvia,44.4003,15.598559,2053635,2012,Europe
Latvia,41.544746,14.884308,2031491,2013,Europe
Latvia,36.98531,14.879086,2011040,2014,Europe
Latvia,33.135838,13.968202,1991951,2015,Europe
Latvia,28.566696,13.447472,1973477,2016,Europe
Latvia,26.195145,13.426457,1954861,2017,Europe
Lithuania,41.57649,14.428132,3599639,2000,Europe
Lithuania,43.125923,14.46207,3373536,2005,Europe
Lithuania,40.0679,14.971065,3139021,2010,Europe
Lithuania,38.422493,14.509683,3099800,2011,Europe
Lithuania,36.008602,13.784525,3063340,2012,Europe
Lithuania,33.851715,12.981192,3028191,2013,Europe
Lithuania,30.051144,12.845194,2994928,2014,Europe
Lithuania,28.057499,12.455035,2963764,2015,Europe
Lithuania,24.571074,11.821615,2933676,2016,Europe
Lithuania,20.842308,11.853282,2904452,2017,Europe
Luxembourg,22.669546,12.569567,435634,2000,Europe
Luxembourg,18.086359,12.3555355,464868,2005,Europe
Luxembourg,15.855239,12.958784,507075,2010,Europe
Luxembourg,14.996179,12.685996,518207,2011,Europe
Luxembourg,13.79938,11.775576,530596,2012,Europe
Luxembourg,12.4479685,11.605384,543068,2013,Europe
Luxembourg,11.034946,10.857614,556075,2014,Europe
Luxembourg,9.824717,11.006655,569415,2015,Europe
Luxembourg,8.722013,10.311981,583355,2016,Europe
Luxembourg,8.335828,10.364637,596290,2017,Europe
Malta,31.49026,16.534946,399212,2000,Europe
Malta,26.071531,16.104479,410217,2005,Europe
Malta,25.692642,16.4494,418758,2010,Europe
Malta,24.81121,16.644304,423577,2011,Europe
Malta,23.069576,15.397161,429912,2012,Europe
Malta,20.86122,15.281944,437531,2013,Europe
Malta,18.792788,14.435404,446449,2014,Europe
Malta,16.859394,14.722463,456585,2015,Europe
Malta,15.787579,13.811395,467717,2016,Europe
Malta,15.040388,13.909543,479507,2017,Europe
Moldova,64.08131,19.5811,4251571,2000,Europe
Moldova,71.10521,19.144522,4001380,2005,Europe
Moldova,67.83513,19.116104,3678186,2010,Europe
Moldova,59.138847,19.924868,3595135,2011,Europe
Moldova,56.778744,18.409285,3507197,2012,Europe
Moldova,52.669674,17.4324,3416532,2013,Europe
Moldova,52.278965,16.726461,3338338,2014,Europe
Moldova,51.51646,17.07914,3277390,2015,Europe
Moldova,44.70212,16.363798,3225125,2016,Europe
Moldova,37.878063,16.251032,3180515,2017,Europe
Montenegro,76.441,26.001245,633330,2000,Europe
Montenegro,76.11519,25.562792,632885,2005,Europe
Montenegro,72.95606,25.055407,631048,2010,Europe
Montenegro,71.894226,26.629225,631801,2011,Europe
Montenegro,70.22551,24.680304,633053,2012,Europe
Montenegro,69.556725,23.274225,633951,2013,Europe
Montenegro,69.094536,21.947052,634301,2014,Europe
Montenegro,68.22123,22.55969,633969,2015,Europe
Montenegro,66.25973,20.924051,633264,2016,Europe
Montenegro,64.32099,20.781813,632445,2017,Europe
Netherlands,31.717916,14.92868,15899138,2000,Europe
Netherlands,23.80617,14.578018,16261834,2005,Europe
Netherlands,19.906078,15.23243,16617121,2010,Europe
Netherlands,18.801432,14.988138,16701470,2011,Europe
Netherlands,17.471525,13.812414,16785296,2012,Europe
Netherlands,15.8351755,13.043145,16867352,2013,Europe
Netherlands,14.313594,12.828797,16954080,2014,Europe
Netherlands,13.731904,12.932105,17041110,2015,Europe
Netherlands,13.48811,12.025243,17124512,2016,Europe
Netherlands,13.326928,12.034408,17207204,2017,Europe
North Macedonia,130.85637,36.398216,2037940,2000,Europe
North Macedonia,128.11789,35.633045,2078667,2005,Europe
North Macedonia,121.56381,34.45697,2093828,2010,Europe
North Macedonia,117.20087,38.08312,2097110,2011,Europe
North Macedonia,115.02472,34.657814,2099486,2012,Europe
North Macedonia,110.086555,32.01505,2102220,2013,Europe
North Macedonia,108.50519,31.79054,2105293,2014,Europe
North Macedonia,106.632126,31.975988,2107965,2015,Europe
North Macedonia,104.57052,29.59327,2110194,2016,Europe
North Macedonia,102.386894,29.726944,2111982,2017,Europe
Norway,14.73671,8.668866,4491204,2000,Europe
Norway,8.566345,8.35949,4623691,2005,Europe
Norway,7.1877704,8.341507,4889747,2010,Europe
Norway,6.9018803,8.853511,4953565,2011,Europe
Norway,6.3307242,7.925281,5019058,2012,Europe
Norway,5.737124,7.6336746,5080667,2013,Europe
Norway,5.0576854,7.670896,5137926,2014,Europe
Norway,4.5830317,7.2427754,5190357,2015,Europe
Norway,4.170321,6.9594574,5236591,2016,Europe
Norway,3.8045301,6.9565196,5277396,2017,Europe
Poland,68.26111,25.822186,38504432,2000,Europe
Poland,58.480755,26.151218,38575912,2005,Europe
Poland,52.218746,27.1765,38597356,2010,Europe
Poland,49.874405,26.372507,38620848,2011,Europe
Poland,47.782223,24.263977,38625872,2012,Europe
Poland,44.635506,22.928724,38607352,2013,Europe
Poland,41.206024,22.210892,38581880,2014,Europe
Poland,40.60895,22.691319,38553148,2015,Europe
Poland,39.460854,20.975767,38532108,2016,Europe
Poland,39.225967,20.877823,38532816,2017,Europe
Portugal,23.717691,10.1236925,10300632,2000,Europe
Portugal,17.432825,10.449708,10523314,2005,Europe
Portugal,12.296224,10.076887,10588401,2010,Europe
Portugal,11.472545,10.355013,10564820,2011,Europe
Portugal,10.796525,9.484803,10522085,2012,Europe
Portugal,10.101346,9.432044,10464537,2013,Europe
Portugal,9.441221,8.784793,10408379,2014,Europe
Portugal,8.889396,8.823283,10365436,2015,Europe
Portugal,8.498276,8.052764,10332751,2016,Europe
Portugal,8.171819,8.160752,10307528,2017,Europe
Romania,67.3467,17.696741,21919882,2000,Europe
Romania,60.473377,17.157776,21092264,2005,Europe
Romania,53.093426,17.062147,20335212,2010,Europe
Romania,48.89032,17.636755,20220286,2011,Europe
Romania,47.0683,16.315845,20137112,2012,Europe
Romania,43.098457,15.369309,20066550,2013,Europe
Romania,42.37203,15.006495,19995836,2014,Europe
Romania,40.61236,15.433556,19906078,2015,Europe
Romania,39.50181,14.537063,19797820,2016,Europe
Romania,38.83447,14.6113405,19698852,2017,Europe
Russia,75.06304,19.054037,146844848,2000,Europe
Russia,70.11731,18.995216,143800048,2005,Europe
Russia,59.74486,19.48031,143242592,2010,Europe
Russia,54.156647,19.191511,143364544,2011,Europe
Russia,50.26698,18.304338,143629360,2012,Europe
Russia,46.24282,17.79507,143956864,2013,Europe
Russia,43.69864,16.582163,144285072,2014,Europe
Russia,40.29311,17.019192,144668384,2015,Europe
Russia,36.192406,16.21989,145109152,2016,Europe
Russia,31.842491,16.160223,145452544,2017,Europe
Serbia,102.46901,29.22397,7935023,2000,Europe
Serbia,100.20674,29.685417,7830944,2005,Europe
Serbia,91.34261,29.10059,7653749,2010,Europe
Serbia,87.329666,31.034027,7620925,2011,Europe
Serbia,83.88435,28.58475,7591357,2012,Europe
Serbia,82.15272,27.430786,7566674,2013,Europe
Serbia,80.96095,26.492073,7543965,2014,Europe
Serbia,79.00808,26.954378,7519501,2015,Europe
Serbia,74.112206,24.780622,7493288,2016,Europe
Serbia,72.11811,24.726358,7464882,2017,Europe
Slovakia,69.875114,21.723999,5376700,2000,Europe
Slovakia,64.154175,21.94342,5376251,2005,Europe
Slovakia,53.4822,21.69022,5396428,2010,Europe
Slovakia,51.364704,21.767199,5402686,2011,Europe
Slovakia,48.05941,19.764933,5409283,2012,Europe
Slovakia,45.077457,19.315493,5414744,2013,Europe
Slovakia,42.55667,18.304182,5419572,2014,Europe
Slovakia,42.239285,18.802647,5424449,2015,Europe
Slovakia,39.32946,17.353662,5431205,2016,Europe
Slovakia,38.565617,17.562912,5439418,2017,Europe
Slovenia,41.062485,19.134047,1984339,2000,Europe
Slovenia,30.951323,19.422842,2004780,2005,Europe
Slovenia,23.5019,18.681656,2057294,2010,Europe
Slovenia,22.462389,19.514137,2065457,2011,Europe
Slovenia,21.92335,17.670078,2069365,2012,Europe
Slovenia,20.827456,17.571379,2072374,2013,Europe
Slovenia,18.896997,16.6327,2074923,2014,Europe
Slovenia,19.12908,17.128153,2080865,2015,Europe
Slovenia,17.894823,15.912737,2090020,2016,Europe
Slovenia,17.389639,16.02398,2098396,2017,Europe
Spain,19.822155,11.774209,40741652,2000,Europe
Spain,15.628999,11.569025,43685372,2005,Europe
Spain,11.712424,11.349329,46572776,2010,Europe
Spain,11.215797,12.037998,46729232,2011,Europe
Spain,10.775142,11.149623,46756084,2012,Europe
Spain,10.12677,10.742582,46603460,2013,Europe
Spain,9.701213,10.074589,46464548,2014,Europe
Spain,9.459771,10.449102,46431344,2015,Europe
Spain,8.646804,9.704139,46473320,2016,Europe
Spain,8.188927,9.697927,46584168,2017,Europe
Sweden,10.552608,7.578009,8871042,2000,Europe
Sweden,6.9410834,7.16582,9051739,2005,Europe
Sweden,6.1644907,7.209759,9381722,2010,Europe
Sweden,5.771564,7.3912215,9467384,2011,Europe
Sweden,5.0702395,6.627942,9555984,2012,Europe
Sweden,4.2697754,6.431169,9648935,2013,Europe
Sweden,3.5660694,6.9591975,9747507,2014,Europe
Sweden,3.191144,6.3224983,9849344,2015,Europe
Sweden,3.0312865,6.1142583,9953322,2016,Europe
Sweden,2.9338558,6.184665,10058191,2017,Europe
Switzerland,20.155462,12.690764,7182052,2000,Europe
Switzerland,14.520782,12.861816,7428437,2005,Europe
Switzerland,12.331235,12.922219,7822444,2010,Europe
Switzerland,11.718216,13.049221,7910988,2011,Europe
Switzerland,11.224893,12.261388,7995738,2012,Europe
Switzerland,10.616328,11.820055,8088370,2013,Europe
Switzerland,9.834571,11.389107,8187792,2014,Europe
Switzerland,9.155626,11.165255,8281735,2015,Europe
Switzerland,7.8822374,10.34263,8372902,2016,Europe
Switzerland,7.0575566,10.3031,8451688,2017,Europe
Ukraine,89.000626,24.157913,48879752,2000,Europe
Ukraine,88.76633,23.922205,46912616,2005,Europe
Ukraine,74.52827,23.522657,45683024,2010,Europe
Ukraine,70.30823,23.971104,45516136,2011,Europe
Ukraine,68.25223,22.328793,45406228,2012,Europe
Ukraine,65.5809,21.5324,45307104,2013,Europe
Ukraine,59.393475,20.486895,45148072,2014,Europe
Ukraine,67.63705,21.246454,44982568,2015,Europe
Ukraine,60.182507,20.618187,44833568,2016,Europe
Ukraine,55.787502,20.309776,44657260,2017,Europe
United Kingdom,28.903381,12.618229,58850044,2000,Europe
United Kingdom,20.786245,12.537897,60383740,2005,Europe
United Kingdom,15.73848,12.2991085,62760048,2010,Europe
United Kingdom,14.752045,12.847999,63286360,2011,Europe
United Kingdom,13.799132,11.814495,63808728,2012,Europe
United Kingdom,12.888146,11.618901,64302296,2013,Europe
United Kingdom,11.920059,10.80056,64773504,2014,Europe
United Kingdom,11.470255,10.754873,65224368,2015,Europe
United Kingdom,11.155296,10.504667,65655204,2016,Europe
United Kingdom,10.98411,10.472691,66064808,2017,Europe
Algeria,106.31537,37.53605,30774624,2000,Africa
Algeria,93.60296,35.858826,32956690,2005,Africa
Algeria,82.29347,33.63582,35856348,2010,Africa
Algeria,81.709015,33.83405,36543548,2011,Africa
Algeria,81.21082,33.366825,37260568,2012,Africa
Algeria,80.68601,34.245327,38000628,2013,Africa
Algeria,80.73576,35.56392,38760168,2014,Africa
Algeria,80.491,36.089165,39543148,2015,Africa
Algeria,78.48459,39.853275,40339328,2016,Africa
Algeria,76.961716,38.88401,41136548,2017,Africa
Angola,23.181692,36.18297,16394067,2000,Africa
Angola,24.794415,34.962914,19450962,2005,Africa
Angola,29.41234,33.787247,23364196,2010,Africa
Angola,30.987291,33.104195,24259120,2011,Africa
Angola,33.039562,33.415497,25188298,2012,Africa
Angola,34.94178,34.66392,26147012,2013,Africa
Angola,36.26386,32.974026,27128340,2014,Africa
Angola,38.001675,32.729874,28127724,2015,Africa
Angola,39.21125,31.785389,29154742,2016,Africa
Angola,40.70428,32.388504,30208634,2017,Africa
Benin,26.873735,39.776295,6998022,2000,Africa
Benin,24.690441,34.328808,8149420,2005,Africa
Benin,27.225481,32.39297,9445716,2010,Africa
Benin,28.605253,32.580845,9726385,2011,Africa
Benin,30.67578,31.992,10014087,2012,Africa
Benin,32.636185,31.443298,10308730,2013,Africa
Benin,33.86303,29.660456,10614845,2014,Africa
Benin,34.633743,40.470684,10932791,2015,Africa
Benin,33.89317,38.447704,11260091,2016,Africa
Benin,33.399876,38.999958,11596786,2017,Africa
Botswana,68.70015,25.301825,1726992,2000,Africa
Botswana,74.08985,25.073727,1892819,2005,Africa
Botswana,78.5715,25.72472,2091666,2010,Africa
Botswana,79.06875,24.592115,2134043,2011,Africa
Botswana,78.77707,24.854038,2175429,2012,Africa
Botswana,78.62163,24.87426,2217285,2013,Africa
Botswana,78.19881,24.151278,2260383,2014,Africa
Botswana,77.45413,24.330257,2305177,2015,Africa
Botswana,75.06938,23.631268,2352419,2016,Africa
Botswana,73.536285,23.094387,2401848,2017,Africa
Burkina Faso,18.212715,44.88311,11882896,2000,Africa
Burkina Faso,19.843904,39.335114,13876134,2005,Africa
Burkina Faso,21.354345,37.49133,16116851,2010,Africa
Burkina Faso,22.291193,37.281376,16602652,2011,Africa
Burkina Faso,23.637379,38.784153,17113736,2012,Africa
Burkina Faso,24.979147,33.2872,17636414,2013,Africa
Burkina Faso,25.815958,33.969093,18169844,2014,Africa
Burkina Faso,26.488214,46.56217,18718022,2015,Africa
Burkina Faso,25.733494,41.537243,19275504,2016,Africa
Burkina Faso,24.999626,42.935593,19835860,2017,Africa
Burundi,19.072403,40.95578,6307665,2000,Africa
Burundi,17.196722,40.14781,7388869,2005,Africa
Burundi,17.30713,38.38117,9126612,2010,Africa
Burundi,17.750639,38.23619,9455737,2011,Africa
Burundi,18.49749,41.01133,9795479,2012,Africa
Burundi,19.18375,39.971073,10149583,2013,Africa
Burundi,19.631273,39.387558,10494920,2014,Africa
Burundi,19.618273,38.43088,10727153,2015,Africa
Burundi,18.813688,38.653225,10903329,2016,Africa
Burundi,18.218739,38.896267,11155592,2017,Africa
Cameroon,57.096817,70.82948,15091598,2000,Africa
Cameroon,57.67374,63.453083,17275174,2005,Africa
Cameroon,62.746098,59.293404,19878044,2010,Africa
Cameroon,65.26576,58.0769,20448880,2011,Africa
Cameroon,69.05436,62.776695,21032684,2012,Africa
Cameroon,72.744194,58.186337,21632852,2013,Africa
Cameroon,74.87603,56.715305,22299590,2014,Africa
Cameroon,75.35895,77.05174,23012650,2015,Africa
Cameroon,73.112625,73.20529,23711626,2016,Africa
Cameroon,71.31749,72.7931,24393182,2017,Africa
Cape Verde,37.735176,36.628124,458258,2000,Africa
Cape Verde,40.64486,30.26241,492841,2005,Africa
Cape Verde,35.80867,27.596441,521219,2010,Africa
Cape Verde,38.63848,31.641779,527528,2011,Africa
Cape Verde,43.857033,32.940994,533877,2012,Africa
Cape Verde,49.443924,32.085842,539949,2013,Africa
Cape Verde,54.956543,31.62108,546083,2014,Africa
Cape Verde,58.92312,38.633614,552169,2015,Africa
Cape Verde,62.20333,33.39233,558399,2016,Africa
Cape Verde,63.563305,34.7787,564959,2017,Africa
Central African Republic,28.872374,51.572144,3759174,2000,Africa
Central African Republic,27.554718,52.896633,4208845,2005,Africa
Central African Republic,30.827147,51.53332,4660066,2010,Africa
Central African Republic,31.84566,51.22953,4732037,2011,Africa
Central African Republic,33.040203,53.358833,4773306,2012,Africa
Central African Republic,34.518684,50.874912,4802437,2013,Africa
Central African Republic,35.266464,49.356365,4798739,2014,Africa
Central African Republic,35.33572,58.3261,4819341,2015,Africa
Central African Republic,34.08976,56.985424,4904182,2016,Africa
Central African Republic,32.976044,56.8285,4996741,2017,Africa
Chad,19.826267,65.9716,8259144,2000,Africa
Chad,20.810362,58.200893,10005013,2005,Africa
Chad,22.82362,56.586628,11894734,2010,Africa
Chad,23.823038,55.19516,12317729,2011,Africa
Chad,25.326162,58.67539,12754912,2012,Africa
Chad,26.813606,53.056408,13216769,2013,Africa
Chad,27.815596,51.24717,13697128,2014,Africa
Chad,28.326265,68.682396,14140277,2015,Africa
Chad,27.980434,64.77077,14592587,2016,Africa
Chad,27.75022,66.029205,15085893,2017,Africa
Comoros,14.939595,21.544056,536762,2000,Africa
Comoros,15.706261,21.243206,592691,2005,Africa
Comoros,16.446234,20.666357,656032,2010,Africa
Comoros,17.052061,21.02016,670081,2011,Africa
Comoros,17.667355,21.252628,684564,2012,Africa
Comoros,18.194473,21.047962,699397,2013,Africa
Comoros,19.188322,21.502071,714617,2014,Africa
Comoros,19.205223,20.715557,730221,2015,Africa
Comoros,18.832407,20.482727,746239,2016,Africa
Comoros,18.52135,20.546825,761672,2017,Africa
Congo,52.92805,43.598785,3134034,2000,Africa
Congo,50.94872,42.689053,3672845,2005,Africa
Congo,58.875893,42.00909,4437883,2010,Africa
Congo,61.292583,44.155594,4584223,2011,Africa
Congo,64.920586,43.489986,4713260,2012,Africa
Congo,68.37196,46.126637,4828073,2013,Africa
Congo,71.07743,45.852818,4944865,2014,Africa
Congo,71.90744,44.147694,5064390,2015,Africa
Congo,70.99367,45.71104,5186830,2016,Africa
Congo,70.464485,46.63822,5312347,2017,Africa
Djibouti,47.55268,40.98011,742046,2000,Africa
Djibouti,64.60761,39.17294,830863,2005,Africa
Djibouti,70.24597,38.240868,919206,2010,Africa
Djibouti,71.3848,40.441837,936819,2011,Africa
Djibouti,72.613235,39.94282,954311,2012,Africa
Djibouti,73.733795,40.10377,971761,2013,Africa
Djibouti,73.649254,41.259727,989091,2014,Africa
Djibouti,74.31699,45.95081,1006266,2015,Africa
Djibouti,74.03988,45.868874,1023269,2016,Africa
Djibouti,74.41083,45.549618,1040242,2017,Africa
Egypt,161.83302,73.26432,71371368,2000,Africa
Egypt,175.30394,74.038445,79075312,2005,Africa
Egypt,176.24373,77.44662,87252416,2010,Africa
Egypt,172.9245,70.786354,89200056,2011,Africa
Egypt,174.61093,72.790565,91240384,2012,Africa
Egypt,167.32948,76.21365,93377896,2013,Africa
Egypt,166.75609,76.5596,95592328,2014,Africa
Egypt,172.37288,88.21339,97723792,2015,Africa
Egypt,168.37547,88.1485,99784032,2016,Africa
Egypt,160.7869,86.99945,101789384,2017,Africa
Equatorial Guinea,36.965668,51.73967,684986,2000,Africa
Equatorial Guinea,46.52741,45.583954,864740,2005,Africa
Equatorial Guinea,60.839756,46.186485,1094538,2010,Africa
Equatorial Guinea,66.093605,46.85259,1144590,2011,Africa
Equatorial Guinea,71.0124,45.232372,1193641,2012,Africa
Equatorial Guinea,74.72806,43.625793,1243947,2013,Africa
Equatorial Guinea,77.25372,44.3018,1295193,2014,Africa
Equatorial Guinea,79.59768,52.63437,1346974,2015,Africa
Equatorial Guinea,79.10357,54.50903,1398940,2016,Africa
Equatorial Guinea,78.17415,53.24062,1450703,2017,Africa
Eritrea,36.109066,46.37293,2392888,2000,Africa
Eritrea,37.89761,47.110264,2831735,2005,Africa
Eritrea,39.65978,45.22714,3147733,2010,Africa
Eritrea,40.07363,45.257446,3207574,2011,Africa
Eritrea,40.720356,46.133846,3252600,2012,Africa
Eritrea,41.545185,47.627815,3296370,2013,Africa
Eritrea,42.40744,44.374947,3323429,2014,Africa
Eritrea,43.344875,49.82891,3340005,2015,Africa
Eritrea,44.69796,48.670937,3365288,2016,Africa
Eritrea,46.197712,48.030197,3396933,2017,Africa
Eswatini,48.007908,18.66855,1030504,2000,Africa
Eswatini,57.72649,18.304884,1071895,2005,Africa
Eswatini,61.709595,18.128193,1099926,2010,Africa
Eswatini,60.882206,17.973312,1105379,2011,Africa
Eswatini,60.816757,18.182331,1111453,2012,Africa
Eswatini,60.49369,18.307808,1118329,2013,Africa
Eswatini,59.981915,17.978777,1125872,2014,Africa
Eswatini,59.70202,17.924809,1133941,2015,Africa
Eswatini,59.62616,17.148548,1142529,2016,Africa
Eswatini,59.68329,17.168787,1151397,2017,Africa
Ethiopia,11.978378,35.533966,67031872,2000,Africa
Ethiopia,11.908435,34.35101,77469944,2005,Africa
Ethiopia,14.348632,35.634144,89237800,2010,Africa
Ethiopia,14.869042,36.317944,91817936,2011,Africa
Ethiopia,15.369518,35.973843,94451280,2012,Africa
Ethiopia,15.8254,35.884205,97084376,2013,Africa
Ethiopia,16.339401,35.0436,99746768,2014,Africa
Ethiopia,16.807299,38.858604,102471896,2015,Africa
Ethiopia,17.230152,39.245037,105293232,2016,Africa
Ethiopia,17.75,38.978737,108197944,2017,Africa
Gabon,75.378044,42.589172,1272941,2000,Africa
Gabon,78.95448,39.97835,1458362,2005,Africa
Gabon,83.30657,40.27758,1711117,2010,Africa
Gabon,85.065865,41.130283,1772508,2011,Africa
Gabon,86.412506,40.81409,1836711,2012,Africa
Gabon,87.55641,40.725662,1902230,2013,Africa
Gabon,88.699524,41.31957,1966858,2014,Africa
Gabon,89.26015,44.0959,2028524,2015,Africa
Gabon,86.15877,43.720654,2086210,2016,Africa
Gabon,83.37946,44.385548,2140225,2017,Africa
Gambia,28.704544,34.60088,1437540,2000,Africa
Gambia,33.42084,30.283669,1660377,2005,Africa
Gambia,35.68114,30.201263,1937284,2010,Africa
Gambia,35.323505,29.264923,1998215,2011,Africa
Gambia,37.19704,30.729065,2061020,2012,Africa
Gambia,39.536945,29.804672,2124876,2013,Africa
Gambia,42.901016,30.621895,2189023,2014,Africa
Gambia,43.740036,36.30538,2253137,2015,Africa
Gambia,46.01416,32.615303,2317212,2016,Africa
Gambia,48.260807,33.98264,2381189,2017,Africa
Ghana,55.79919,35.037224,19665506,2000,Africa
Ghana,59.531837,26.806673,22496952,2005,Africa
Ghana,65.474655,27.368284,25574722,2010,Africa
Ghana,67.95778,28.211699,26205940,2011,Africa
Ghana,71.053986,28.897427,26858760,2012,Africa
Ghana,74.535706,27.81534,27525586,2013,Africa
Ghana,77.34642,25.889523,28196356,2014,Africa
Ghana,79.75288,34.6819,28870946,2015,Africa
Ghana,80.06087,36.252655,29554298,2016,Africa
Ghana,80.24408,34.713512,30222266,2017,Africa
Guinea,24.497557,24.034874,8336973,2000,Africa
Guinea,26.60433,22.445126,9140112,2005,Africa
Guinea,29.484777,21.971027,10270728,2010,Africa
Guinea,30.277922,22.44536,10527711,2011,Africa
Guinea,31.346207,22.989965,10788696,2012,Africa
Guinea,32.600643,21.258562,11055433,2013,Africa
Guinea,33.654552,21.196672,11333362,2014,Africa
Guinea,34.37067,26.942884,11626003,2015,Africa
Guinea,34.27831,24.777714,11930991,2016,Africa
Guinea,34.023212,26.06249,12240791,2017,Africa
Guinea-Bissau,33.79144,30.456884,1230855,2000,Africa
Guinea-Bissau,35.372314,26.84057,1379714,2005,Africa
Guinea-Bissau,38.56066,26.836359,1567226,2010,Africa
Guinea-Bissau,39.403896,27.38944,1609025,2011,Africa
Guinea-Bissau,40.530895,27.090218,1652720,2012,Africa
Guinea-Bissau,41.93109,26.524208,1697757,2013,Africa
Guinea-Bissau,43.330807,26.94096,1743318,2014,Africa
Guinea-Bissau,44.424408,31.791271,1788931,2015,Africa
Guinea-Bissau,45.409355,29.585867,1834554,2016,Africa
Guinea-Bissau,45.705685,29.774702,1879835,2017,Africa
Kenya,20.043581,28.385498,30851604,2000,Africa
Kenya,21.476469,27.477299,35843016,2005,Africa
Kenya,26.992794,28.15477,41517896,2010,Africa
Kenya,28.004126,28.662884,42635148,2011,Africa
Kenya,29.065008,29.37228,43725808,2012,Africa
Kenya,29.909533,28.935345,44792368,2013,Africa
Kenya,30.476816,28.94935,45831860,2014,Africa
Kenya,30.534445,28.53628,46851496,2015,Africa
Kenya,29.63086,28.583378,47894668,2016,Africa
Kenya,28.257765,28.578375,48948140,2017,Africa
Lesotho,43.001343,31.490147,1998632,2000,Africa
Lesotho,50.53614,30.098923,1977428,2005,Africa
Lesotho,66.92501,32.240597,2022752,2010,Africa
Lesotho,68.83527,31.354742,2037687,2011,Africa
Lesotho,71.29598,31.213243,2054722,2012,Africa
Lesotho,73.31044,32.148697,2073948,2013,Africa
Lesotho,74.624146,33.0801,2095251,2014,Africa
Lesotho,74.47213,30.884977,2118532,2015,Africa
Lesotho,72.4938,28.336834,2143876,2016,Africa
Lesotho,70.4472,28.028654,2170622,2017,Africa
Liberia,18.775274,17.253143,2895229,2000,Africa
Liberia,22.039852,16.024406,3266326,2005,Africa
Liberia,23.213127,15.249197,4019958,2010,Africa
Liberia,24.460234,16.14705,4181148,2011,Africa
Liberia,27.217339,16.288208,4331749,2012,Africa
Liberia,29.85569,15.382857,4427319,2013,Africa
Liberia,31.196287,14.94227,4519410,2014,Africa
Liberia,31.733236,18.212805,4612330,2015,Africa
Liberia,29.91772,17.886778,4706106,2016,Africa
Liberia,28.291407,17.984112,4796632,2017,Africa
Libya,73.53432,46.255173,5154789,2000,Africa
Libya,69.5271,47.12619,5837994,2005,Africa
Libya,76.131805,50.14723,6491991,2010,Africa
Libya,75.00406,44.631733,6188135,2011,Africa
Libya,72.085556,44.91136,5869880,2012,Africa
Libya,70.34919,49.279484,5985228,2013,Africa
Libya,69.509895,47.501232,6097767,2014,Africa
Libya,68.925415,51.53264,6192241,2015,Africa
Libya,68.81142,52.129208,6282202,2016,Africa
Libya,68.802086,54.25468,6378267,2017,Africa
Madagascar,13.416431,21.8724,16216432,2000,Africa
Madagascar,16.189468,23.294064,18792174,2005,Africa
Madagascar,16.776358,22.66201,21731052,2010,Africa
Madagascar,17.251244,23.36286,22348158,2011,Africa
Madagascar,17.968485,22.716425,22966242,2012,Africa
Madagascar,18.722553,23.909163,23588078,2013,Africa
Madagascar,19.279985,23.517767,24215980,2014,Africa
Madagascar,19.4134,22.950401,24850912,2015,Africa
Madagascar,18.98157,22.895708,25501944,2016,Africa
Madagascar,18.608795,22.542282,26169540,2017,Africa
Malawi,12.541987,26.142086,11229380,2000,Africa
Malawi,12.515551,25.627405,12755647,2005,Africa
Malawi,14.967965,25.696198,14718426,2010,Africa
Malawi,15.587357,25.165009,15146095,2011,Africa
Malawi,16.255995,25.738401,15581250,2012,Africa
Malawi,16.818314,24.68348,16024775,2013,Africa
Malawi,17.146217,25.198229,16477972,2014,Africa
Malawi,17.16573,24.53743,16938944,2015,Africa
Malawi,16.55884,23.092615,17405624,2016,Africa
Malawi,15.840107,23.565922,17881172,2017,Africa
Mali,17.411922,39.800056,11239103,2000,Africa
Mali,18.049166,37.84408,13180556,2005,Africa
Mali,20.865822,36.39766,15529183,2010,Africa
Mali,21.359095,35.141644,16039734,2011,Africa
Mali,22.067894,34.700226,16514689,2012,Africa
Mali,22.757658,32.306824,17004038,2013,Africa
Mali,23.218363,33.916115,17551824,2014,Africa
Mali,23.686577,41.92693,18112910,2015,Africa
Mali,23.80999,38.480396,18700108,2016,Africa
Mali,23.685314,38.526608,19311356,2017,Africa
Mauritania,55.011505,48.860252,2695018,2000,Africa
Mauritania,52.854725,41.8726,3012363,2005,Africa
Mauritania,56.347713,39.637413,3419462,2010,Africa
Mauritania,58.113068,40.043144,3524250,2011,Africa
Mauritania,61.199387,42.343513,3636122,2012,Africa
Mauritania,63.33389,40.21579,3742965,2013,Africa
Mauritania,63.583096,43.110783,3843181,2014,Africa
Mauritania,64.955864,49.498257,3946225,2015,Africa
Mauritania,64.252174,46.667587,4051896,2016,Africa
Mauritania,65.218925,47.422993,4160018,2017,Africa
Mauritius,51.635025,15.398038,1215930,2000,Africa
Mauritius,51.825718,15.53725,1258050,2005,Africa
Mauritius,41.91209,15.194773,1283347,2010,Africa
Mauritius,40.194798,15.201702,1286239,2011,Africa
Mauritius,39.771526,15.245856,1288753,2012,Africa
Mauritius,38.422268,15.556176,1290698,2013,Africa
Mauritius,38.4508,15.292648,1292112,2014,Africa
Mauritius,37.67821,14.441956,1293159,2015,Africa
Mauritius,37.2456,14.346379,1293909,2016,Africa
Mauritius,36.933743,14.457828,1294743,2017,Africa
Morocco,70.52595,30.96745,28554420,2000,Africa
Morocco,76.189514,30.967813,30431898,2005,Africa
Morocco,83.08683,29.64896,32464866,2010,Africa
Morocco,83.08624,29.266563,32903708,2011,Africa
Morocco,83.518196,27.790283,33352166,2012,Africa
Morocco,90.62833,29.25952,33803528,2013,Africa
Morocco,90.6652,29.94945,34248608,2014,Africa
Morocco,91.19834,31.440086,34680456,2015,Africa
Morocco,93.25505,32.935375,35107272,2016,Africa
Morocco,95.71189,32.59354,35528116,2017,Africa
Mozambique,7.662241,22.686272,17768510,2000,Africa
Mozambique,8.701678,22.66323,20211124,2005,Africa
Mozambique,12.04577,23.561468,23073732,2010,Africa
Mozambique,12.815983,22.609072,23760424,2011,Africa
Mozambique,13.680753,22.867601,24487614,2012,Africa
Mozambique,14.36961,22.63616,25251738,2013,Africa
Mozambique,14.807031,22.614164,26038704,2014,Africa
Mozambique,14.978895,21.905882,26843252,2015,Africa
Mozambique,14.7929125,21.471825,27696500,2016,Africa
Mozambique,14.617109,21.298695,28569448,2017,Africa
Namibia,55.288326,27.433819,1819148,2000,Africa
Namibia,55.600952,27.61976,1962874,2005,Africa
Namibia,56.653748,27.659897,2099275,2010,Africa
Namibia,56.51939,27.010155,2132343,2011,Africa
Namibia,57.2943,26.798708,2167474,2012,Africa
Namibia,58.456142,27.092815,2204517,2013,Africa
Namibia,59.456467,26.018122,2243008,2014,Africa
Namibia,59.947582,26.910017,2282709,2015,Africa
Namibia,59.3642,25.552141,2323351,2016,Africa
Namibia,58.51281,25.358765,2364540,2017,Africa
Niger,21.846247,87.50676,11622673,2000,Africa
Niger,21.949753,73.43849,13855225,2005,Africa
Niger,20.120682,69.15018,16647545,2010,Africa
Niger,20.659004,72.982765,17283118,2011,Africa
Niger,21.628628,72.54465,17954410,2012,Africa
Niger,22.8229,63.031715,18653204,2013,Africa
Niger,23.635109,60.54136,19372012,2014,Africa
Niger,24.374132,87.28128,20128132,2015,Africa
Niger,23.631916,87.70847,20921748,2016,Africa
Niger,22.88012,94.05382,21737924,2017,Africa
Nigeria,38.655434,67.55433,122851984,2000,Africa
Nigeria,40.975555,59.65814,140490720,2005,Africa
Nigeria,45.260994,52.609062,160952864,2010,Africa
Nigeria,47.822483,50.97309,165463744,2011,Africa
Nigeria,51.578217,56.12964,170075936,2012,Africa
Nigeria,55.23074,49.74069,174726128,2013,Africa
Nigeria,57.420033,48.633373,179379024,2014,Africa
Nigeria,58.940075,75.398994,183995776,2015,Africa
Nigeria,58.173065,71.3696,188666928,2016,Africa
Nigeria,57.24787,71.79817,193495904,2017,Africa
Rwanda,26.027395,43.48169,8109994,2000,Africa
Rwanda,23.567638,42.691185,9026297,2005,Africa
Rwanda,23.83083,41.44091,10309032,2010,Africa
Rwanda,24.51471,42.680958,10576932,2011,Africa
Rwanda,25.693336,44.560898,10840331,2012,Africa
Rwanda,26.36549,44.411587,11101352,2013,Africa
Rwanda,27.287111,42.211487,11368450,2014,Africa
Rwanda,27.64036,42.61449,11642963,2015,Africa
Rwanda,27.285212,42.843803,11930902,2016,Africa
Rwanda,27.01755,43.210217,12230343,2017,Africa
Sao Tome and Principe,29.61519,30.311901,143729,2000,Africa
Sao Tome and Principe,35.492306,29.334394,161697,2005,Africa
Sao Tome and Principe,39.360146,27.126621,182154,2010,Africa
Sao Tome and Principe,41.06773,27.860245,186058,2011,Africa
Sao Tome and Principe,44.77536,25.915844,189936,2012,Africa
Sao Tome and Principe,49.303528,27.658817,193765,2013,Africa
Sao Tome and Principe,53.55818,27.862303,197511,2014,Africa
Sao Tome and Principe,54.81221,28.432093,201142,2015,Africa
Sao Tome and Principe,52.38877,28.666538,204640,2016,Africa
Sao Tome and Principe,50.090794,28.539585,208050,2017,Africa
Senegal,34.347733,41.353046,9704291,2000,Africa
Senegal,36.58922,35.54506,10974066,2005,Africa
Senegal,35.076435,34.985382,12530128,2010,Africa
Senegal,36.029995,35.9354,12875878,2011,Africa
Senegal,36.99947,36.167755,13231840,2012,Africa
Senegal,38.74851,34.018227,13595571,2013,Africa
Senegal,40.773357,36.82684,13970314,2014,Africa
Senegal,41.784943,44.3408,14356191,2015,Africa
Senegal,42.292065,38.694946,14751356,2016,Africa
Senegal,42.04654,40.695827,15157793,2017,Africa
Seychelles,38.628723,21.64752,80073,2000,Africa
Seychelles,38.888535,21.77301,85907,2005,Africa
Seychelles,34.98572,21.091269,92424,2010,Africa
Seychelles,33.850834,21.610357,93842,2011,Africa
Seychelles,34.2632,21.495335,95319,2012,Africa
Seychelles,33.948235,20.969736,96730,2013,Africa
Seychelles,33.695103,20.970518,98016,2014,Africa
Seychelles,34.06023,20.053595,99260,2015,Africa
Seychelles,35.130558,20.403824,100521,2016,Africa
Seychelles,35.778397,20.17865,101828,2017,Africa
Sierra Leone,24.162622,20.50687,4584074,2000,Africa
Sierra Leone,26.69023,19.31251,5683338,2005,Africa
Sierra Leone,26.950207,18.528889,6436699,2010,Africa
Sierra Leone,27.960377,18.743156,6612390,2011,Africa
Sierra Leone,30.101482,20.101294,6788594,2012,Africa
Sierra Leone,32.251392,18.435667,6964867,2013,Africa
Sierra Leone,33.63577,17.698233,7140700,2014,Africa
Sierra Leone,34.32104,22.528599,7314779,2015,Africa
Sierra Leone,33.314266,21.343933,7493918,2016,Africa
Sierra Leone,32.807186,21.625946,7677570,2017,Africa
Somalia,7.626352,31.38599,8721465,2000,Africa
Somalia,6.707226,29.721804,10467294,2005,Africa
Somalia,7.292908,29.000185,12026650,2010,Africa
Somalia,7.3201613,31.230156,12216842,2011,Africa
Somalia,7.3020716,31.587105,12440332,2012,Africa
Somalia,7.2831583,29.551573,12852491,2013,Africa
Somalia,7.2978325,30.401081,13309236,2014,Africa
Somalia,7.345733,32.01839,13763909,2015,Africa
Somalia,7.5327287,31.751745,14292848,2016,Africa
Somalia,7.700279,32.034584,14864224,2017,Africa
South Africa,73.40483,26.6738,46813272,2000,Africa
South Africa,70.04059,26.322878,49017156,2005,Africa
South Africa,75.49372,27.138586,51784928,2010,Africa
South Africa,73.68193,26.557873,52443320,2011,Africa
South Africa,71.80798,26.577087,53145036,2012,Africa
South Africa,70.54258,26.729261,53873608,2013,Africa
South Africa,71.04146,26.722212,54729556,2014,Africa
South Africa,71.29815,26.112972,55876504,2015,Africa
South Africa,70.052,25.140415,56422272,2016,Africa
South Africa,68.03207,25.102205,56641208,2017,Africa
South Sudan,21.78754,44.10159,6114443,2000,Africa
South Sudan,21.662169,44.391705,7662659,2005,Africa
South Sudan,23.601624,43.22534,9714425,2010,Africa
South Sudan,24.109259,45.10147,10243057,2011,Africa
South Sudan,24.852474,43.97406,10701605,2012,Africa
South Sudan,25.649145,42.642002,11106037,2013,Africa
South Sudan,26.179382,41.90056,11213286,2014,Africa
South Sudan,26.69422,47.768032,11194300,2015,Africa
South Sudan,26.618393,44.846573,11066116,2016,Africa
South Sudan,26.016584,45.577507,10658230,2017,Africa
Sudan,42.995003,49.428078,26298778,2000,Africa
Sudan,50.83735,50.17543,29540584,2005,Africa
Sudan,62.501938,47.262054,33739932,2010,Africa
Sudan,64.795044,51.152428,34419628,2011,Africa
Sudan,67.29482,49.68594,35159792,2012,Africa
Sudan,69.507126,48.028145,35990708,2013,Africa
Sudan,71.78497,48.141743,37003248,2014,Africa
Sudan,74.46963,58.904785,38171172,2015,Africa
Sudan,77.62371,54.147278,39377168,2016,Africa
Sudan,81.19712,55.370834,40679820,2017,Africa
Tanzania,14.572098,28.973698,34463704,2000,Africa
Tanzania,15.809079,29.573835,39439508,2005,Africa
Tanzania,18.679577,28.607533,45110532,2010,Africa
Tanzania,19.255518,28.72877,46416032,2011,Africa
Tanzania,20.099258,29.969845,47786136,2012,Africa
Tanzania,20.697725,29.359632,49253648,2013,Africa
Tanzania,20.90997,28.873716,50814552,2014,Africa
Tanzania,21.03687,28.240448,52542824,2015,Africa
Tanzania,20.67221,28.44357,54401804,2016,Africa
Tanzania,20.341314,29.076641,56267040,2017,Africa
Togo,35.40362,37.685856,5008043,2000,Africa
Togo,31.798729,31.391546,5711605,2005,Africa
Togo,34.699005,30.522945,6571862,2010,Africa
Togo,36.018967,30.854807,6748675,2011,Africa
Togo,38.04709,31.36921,6926634,2012,Africa
Togo,40.218075,29.565928,7106238,2013,Africa
Togo,41.84702,28.93629,7288381,2014,Africa
Togo,42.788002,38.35682,7473232,2015,Africa
Togo,42.1695,37.051105,7661361,2016,Africa
Togo,41.687763,35.731335,7852799,2017,Africa
Tunisia,83.40717,35.602528,9893326,2000,Africa
Tunisia,76.38741,33.55745,10388349,2005,Africa
Tunisia,76.32995,35.54549,10895063,2010,Africa
Tunisia,74.78564,33.86835,11032529,2011,Africa
Tunisia,72.96226,32.815807,11174384,2012,Africa
Tunisia,71.200806,35.654144,11300284,2013,Africa
Tunisia,69.23474,34.69206,11428953,2014,Africa
Tunisia,67.49536,36.30425,11557779,2015,Africa
Tunisia,65.79295,38.45049,11685666,2016,Africa
Tunisia,64.51019,37.655994,11811441,2017,Africa
Uganda,16.617857,46.028908,24020710,2000,Africa
Uganda,18.582256,45.946167,27946586,2005,Africa
Uganda,21.99546,44.758698,32341724,2010,Africa
Uganda,23.213127,47.06117,33295738,2011,Africa
Uganda,24.895744,49.626728,34273296,2012,Africa
Uganda,26.710814,47.721157,35273568,2013,Africa
Uganda,27.926872,46.93057,36336544,2014,Africa
Uganda,28.070797,48.94936,37477356,2015,Africa
Uganda,27.75052,51.944107,38748308,2016,Africa
Uganda,26.748293,50.49432,40127096,2017,Africa
Zambia,25.209778,30.898205,9891140,2000,Africa
Zambia,26.464579,28.947056,11564874,2005,Africa
Zambia,31.333223,28.836378,13792095,2010,Africa
Zambia,32.89133,28.987116,14265824,2011,Africa
Zambia,34.34547,29.742039,14744662,2012,Africa
Zambia,35.71436,29.11222,15234976,2013,Africa
Zambia,36.840893,28.493252,15737796,2014,Africa
Zambia,37.522217,28.375452,16248231,2015,Africa
Zambia,37.574406,27.355673,16767758,2016,Africa
Zambia,37.50671,27.438034,17298056,2017,Africa
Zimbabwe,34.564835,23.126373,11834679,2000,Africa
Zimbabwe,36.004997,23.314741,12224758,2005,Africa
Zimbabwe,36.07005,23.23148,12839774,2010,Africa
Zimbabwe,35.971462,23.074213,13025789,2011,Africa
Zimbabwe,36.598343,23.198097,13265331,2012,Africa
Zimbabwe,37.489902,23.111088,13555420,2013,Africa
Zimbabwe,38.585144,22.80595,13855758,2014,Africa
Zimbabwe,38.99684,21.73371,14154937,2015,Africa
Zimbabwe,37.586,21.726948,14452705,2016,Africa
Zimbabwe,35.811024,22.25167,14751101,2017,Africa
American Samoa,17.740503,15.214668,58251,2000,Oceania
American Samoa,17.635296,15.237842,57277,2005,Oceania
American Samoa,16.150883,15.0727215,54871,2010,Oceania
American Samoa,16.114464,15.390642,54334,2011,Oceania
American Samoa,16.21644,14.344151,53718,2012,Oceania
American Samoa,16.428684,14.127226,53017,2013,Oceania
American Samoa,16.636185,13.316992,52234,2014,Oceania
American Samoa,16.863428,13.01939,51391,2015,Oceania
American Samoa,17.398178,12.38273,50468,2016,Oceania
American Samoa,17.782753,12.473821,49486,2017,Oceania
Australia,8.093933,10.843723,19017968,2000,Oceania
Australia,5.7833014,10.597134,20171732,2005,Oceania
Australia,4.7536325,10.618879,22019166,2010,Oceania
Australia,4.6334057,11.047265,22357032,2011,Oceania
Australia,4.459736,10.53709,22729272,2012,Oceania
Australia,4.3489714,9.987684,23111788,2013,Oceania
Australia,4.3201995,9.492979,23469578,2014,Oceania
Australia,4.2828913,9.320015,23820240,2015,Oceania
Australia,4.042335,8.614509,24195706,2016,Oceania
Australia,3.9164789,8.550324,24590336,2017,Oceania
Fiji,46.993565,13.1384535,832516,2000,Oceania
Fiji,44.755665,12.902495,874929,2005,Oceania
Fiji,44.312473,13.533813,905176,2010,Oceania
Fiji,44.494003,13.836461,908359,2011,Oceania
Fiji,44.463673,12.852054,911067,2012,Oceania
Fiji,44.497047,12.144618,913467,2013,Oceania
Fiji,44.87628,11.922893,915576,2014,Oceania
Fiji,45.249092,11.641945,917209,2015,Oceania
Fiji,46.559296,11.059343,918371,2016,Oceania
Fiji,47.97589,10.84016,919022,2017,Oceania
Guam,16.595285,14.314162,160209,2000,Oceania
Guam,13.608824,13.808543,164448,2005,Oceania
Guam,12.686953,13.888341,164916,2010,Oceania
Guam,13.320406,14.103533,165662,2011,Oceania
Guam,15.563581,13.242302,166404,2012,Oceania
Guam,18.436518,12.7887945,167067,2013,Oceania
Guam,20.828035,12.0225525,167555,2014,Oceania
Guam,21.843298,12.531783,167996,2015,Oceania
Guam,18.362963,11.651768,168362,2016,Oceania
Guam,14.967777,11.634407,168619,2017,Oceania
Kiribati,26.367527,13.521965,88840,2000,Oceania
Kiribati,25.87334,13.345589,98181,2005,Oceania
Kiribati,23.387642,13.175041,108011,2010,Oceania
Kiribati,23.040743,13.358154,109887,2011,Oceania
Kiribati,22.729252,12.594232,111630,2012,Oceania
Kiribati,22.42514,12.325297,113316,2013,Oceania
Kiribati,22.164988,11.393743,115002,2014,Oceania
Kiribati,22.024918,11.514318,116717,2015,Oceania
Kiribati,23.309555,10.537839,118529,2016,Oceania
Kiribati,25.066202,10.640856,120378,2017,Oceania
Marshall Islands,31.25855,13.043412,54243,2000,Oceania
Marshall Islands,34.961594,12.92692,54356,2005,Oceania
Marshall Islands,35.87685,12.946709,53431,2010,Oceania
Marshall Islands,35.743122,12.932171,52991,2011,Oceania
Marshall Islands,35.494293,12.123533,52223,2012,Oceania
Marshall Islands,35.229416,11.874389,51372,2013,Oceania
Marshall Islands,35.02796,11.07022,50440,2014,Oceania
Marshall Islands,34.993774,10.837668,49426,2015,Oceania
Marshall Islands,35.637726,10.152002,48354,2016,Oceania
Marshall Islands,36.378014,10.241332,47204,2017,Oceania
New Zealand,8.015483,7.1622887,3855266,2000,Oceania
New Zealand,5.7242336,7.0370874,4132782,2005,Oceania
New Zealand,4.6975,7.152866,4346345,2010,Oceania
New Zealand,4.533976,7.4206963,4381274,2011,Oceania
New Zealand,4.2947383,6.8358355,4410285,2012,Oceania
New Zealand,4.0301976,6.7818856,4450641,2013,Oceania
New Zealand,3.9085624,6.3579035,4514198,2014,Oceania
New Zealand,3.7252865,6.330434,4590591,2015,Oceania
New Zealand,3.6123178,5.9873633,4668088,2016,Oceania
New Zealand,3.5763383,5.9560013,4746253,2017,Oceania
Northern Mariana Islands,24.274218,12.181242,80353,2000,Oceania
Northern Mariana Islands,22.15141,11.868772,69045,2005,Oceania
Northern Mariana Islands,20.116634,11.926381,54109,2010,Oceania
Northern Mariana Islands,21.004635,12.199627,52542,2011,Oceania
Northern Mariana Islands,23.05764,11.439996,52383,2012,Oceania
Northern Mariana Islands,25.553085,10.96502,52157,2013,Oceania
Northern Mariana Islands,27.615372,10.313472,51878,2014,Oceania
Northern Mariana Islands,28.497272,10.397712,51538,2015,Oceania
Northern Mariana Islands,25.25412,9.917756,51151,2016,Oceania
Northern Mariana Islands,21.96163,9.892982,50752,2017,Oceania
Papua New Guinea,18.6909,14.751563,5508300,2000,Oceania
Papua New Guinea,18.165867,14.52424,6498828,2005,Oceania
Papua New Guinea,22.472803,14.941359,7583269,2010,Oceania
Papua New Guinea,22.831013,15.519033,7806637,2011,Oceania
Papua New Guinea,23.05528,14.606533,8026548,2012,Oceania
Papua New Guinea,23.101635,13.952628,8245634,2013,Oceania
Papua New Guinea,23.156649,13.245298,8464159,2014,Oceania
Papua New Guinea,23.288713,13.261726,8682172,2015,Oceania
Papua New Guinea,23.221075,12.615056,8899176,2016,Oceania
Papua New Guinea,23.334255,12.294418,9114803,2017,Oceania
Samoa,27.655794,14.320471,184022,2000,Oceania
Samoa,27.936827,14.205458,188634,2005,Oceania
Samoa,26.374353,14.288094,194686,2010,Oceania
Samoa,26.35041,14.693096,196364,2011,Oceania
Samoa,26.407581,13.627882,198131,2012,Oceania
Samoa,26.495522,13.382522,199952,2013,Oceania
Samoa,26.650246,12.64356,201769,2014,Oceania
Samoa,26.852545,12.321795,203586,2015,Oceania
Samoa,27.268885,11.366299,205559,2016,Oceania
Samoa,27.904482,11.548027,207642,2017,Oceania
Solomon Islands,22.219694,13.866955,429986,2000,Oceania
Solomon Islands,22.919764,14.178723,482496,2005,Oceania
Solomon Islands,26.73524,14.374255,540402,2010,Oceania
Solomon Islands,28.188734,14.375373,553727,2011,Oceania
Solomon Islands,29.300339,13.430245,567771,2012,Oceania
Solomon Islands,30.347775,12.553255,582369,2013,Oceania
Solomon Islands,31.39093,12.17203,597386,2014,Oceania
Solomon Islands,32.04044,12.699696,612670,2015,Oceania
Solomon Islands,32.151073,11.830689,628110,2016,Oceania
Solomon Islands,32.682323,11.879122,643641,2017,Oceania
Tonga,24.932262,12.798572,102620,2000,Oceania
Tonga,23.214918,13.179139,105644,2005,Oceania
Tonga,24.324835,13.531948,107401,2010,Oceania
Tonga,24.445982,13.517088,107625,2011,Oceania
Tonga,24.526588,12.438171,107517,2012,Oceania
Tonga,24.636808,12.147714,107105,2013,Oceania
Tonga,24.767124,12.05764,106639,2014,Oceania
Tonga,24.934221,11.312968,106140,2015,Oceania
Tonga,25.54539,10.951424,105721,2016,Oceania
Tonga,26.097012,10.785479,105430,2017,Oceania
Vanuatu,25.814966,14.066546,192087,2000,Oceania
Vanuatu,24.724707,14.18977,217642,2005,Oceania
Vanuatu,29.158787,14.129513,245464,2010,Oceania
Vanuatu,29.71427,14.382964,251309,2011,Oceania
Vanuatu,29.838312,13.242453,257329,2012,Oceania
Vanuatu,29.975578,12.740693,263547,2013,Oceania
Vanuatu,30.100685,11.933851,269942,2014,Oceania
Vanuatu,30.271553,12.15721,276450,2015,Oceania
Vanuatu,30.98523,11.590909,283239,2016,Oceania
Vanuatu,31.826431,11.652777,290250,2017,Oceania
Antigua and Barbuda,39.27172,21.976118,75070,2000,North America
Antigua and Barbuda,32.92875,22.134329,79879,2005,North America
Antigua and Barbuda,33.37707,22.528875,85710,2010,North America
Antigua and Barbuda,33.522552,23.147861,86749,2011,North America
Antigua and Barbuda,33.542477,21.47105,87688,2012,North America
Antigua and Barbuda,33.88997,20.735386,88512,2013,North America
Antigua and Barbuda,34.711273,19.725584,89252,2014,North America
Antigua and Barbuda,34.78484,19.696388,89958,2015,North America
Antigua and Barbuda,33.63738,18.46093,90575,2016,North America
Antigua and Barbuda,32.490955,18.622343,91133,2017,North America
Bahamas,36.292473,21.318201,325033,2000,North America
Bahamas,30.43889,21.066357,347815,2005,North America
Bahamas,27.927002,21.110514,373277,2010,North America
Bahamas,27.86202,21.774426,377956,2011,North America
Bahamas,27.77696,20.317076,382073,2012,North America
Bahamas,27.7013,19.9094,385660,2013,North America
Bahamas,27.812145,18.495333,389137,2014,North America
Bahamas,28.343853,18.886307,392707,2015,North America
Bahamas,27.613558,17.651321,395986,2016,North America
Bahamas,26.754375,17.36772,399027,2017,North America
Barbados,43.719723,28.479456,264663,2000,North America
Barbados,37.955704,28.482801,269489,2005,North America
Barbados,34.20299,28.216814,274717,2010,North America
Barbados,34.411335,29.30349,275501,2011,North America
Barbados,34.37594,27.03353,276207,2012,North America
Barbados,35.220398,26.23023,276873,2013,North America
Barbados,36.081306,25.183014,277501,2014,North America
Barbados,36.361652,24.686241,278095,2015,North America
Barbados,35.519985,23.4592,278660,2016,North America
Barbados,34.725,23.080175,279199,2017,North America
Belize,46.129192,27.84144,240420,2000,North America
Belize,36.413406,28.29258,280386,2005,North America
Belize,31.357147,28.273054,322115,2010,North America
Belize,31.263332,28.800446,329546,2011,North America
Belize,31.614967,27.409122,337067,2012,North America
Belize,33.164608,27.28444,344695,2013,North America
Belize,34.866722,24.421148,352343,2014,North America
Belize,35.53232,25.216825,359884,2015,North America
Belize,34.432377,23.065683,367327,2016,North America
Belize,33.773575,23.011892,374702,2017,North America
Bermuda,13.676133,14.805443,61390,2000,North America
Bermuda,9.81808,14.775587,62980,2005,North America
Bermuda,6.92247,14.647382,63466,2010,North America
Bermuda,6.7371173,14.843113,63554,2011,North America
Bermuda,6.551725,13.979083,63581,2012,North America
Bermuda,6.440542,13.478851,63527,2013,North America
Bermuda,6.328586,12.806415,63375,2014,North America
Bermuda,6.2324677,12.417961,63165,2015,North America
Bermuda,6.2885413,11.659944,63090,2016,North America
Bermuda,6.382085,11.646359,63295,2017,North America
Canada,13.207512,8.280984,30683316,2000,North America
Canada,10.898901,8.495469,32215914,2005,North America
Canada,7.243181,8.384458,33963416,2010,North America
Canada,6.715176,8.624461,34323536,2011,North America
Canada,6.313635,8.10741,34691876,2012,North America
Canada,5.9604583,7.791636,35063696,2013,North America
Canada,5.731669,7.42842,35404616,2014,North America
Canada,5.5605907,7.1515822,35732120,2015,North America
Canada,5.541854,6.5490746,36113532,2016,North America
Canada,5.5096636,6.4283834,36554344,2017,North America
Costa Rica,23.7889,19.412102,3979189,2000,North America
Costa Rica,20.365913,19.657307,4315894,2005,North America
Costa Rica,19.815197,19.272953,4622250,2010,North America
Costa Rica,18.782082,19.702133,4679927,2011,North America
Costa Rica,18.636078,19.335127,4736593,2012,North America
Costa Rica,18.751503,18.341516,4791541,2013,North America
Costa Rica,18.761293,17.543634,4844293,2014,North America
Costa Rica,19.138073,16.87929,4895241,2015,North America
Costa Rica,19.296305,15.655812,4945205,2016,North America
Costa Rica,18.646517,15.725921,4993849,2017,North America
Cuba,41.66464,24.137367,11105799,2000,North America
Cuba,36.358585,24.00992,11246113,2005,North America
Cuba,31.675169,23.933298,11290420,2010,North America
Cuba,29.859215,24.78732,11298713,2011,North America
Cuba,31.018158,23.239788,11309292,2012,North America
Cuba,32.000767,22.850742,11321583,2013,North America
Cuba,33.069435,21.296234,11332030,2014,North America
Cuba,34.305637,20.8641,11339888,2015,North America
Cuba,32.842625,19.73784,11342012,2016,North America
Cuba,32.352547,19.706047,11336405,2017,North America
Dominica,37.30246,22.955416,68365,2000,North America
Dominica,34.334904,23.562836,68686,2005,North America
Dominica,34.65945,23.740746,68775,2010,North America
Dominica,35.4005,24.276123,68758,2011,North America
Dominica,36.5473,22.2158,68908,2012,North America
Dominica,37.534035,22.151068,68839,2013,North America
Dominica,38.27108,21.010307,69388,2014,North America
Dominica,38.503414,20.68879,70027,2015,North America
Dominica,37.202915,19.988148,70098,2016,North America
Dominica,36.15541,19.493155,70422,2017,North America
Dominican Republic,21.00755,16.45315,8540790,2000,North America
Dominican Republic,29.61355,16.585445,9164770,2005,North America
Dominican Republic,33.110756,16.874466,9775756,2010,North America
Dominican Republic,34.109016,17.29978,9903743,2011,North America
Dominican Republic,36.85927,16.15284,10030885,2012,North America
Dominican Republic,40.16726,15.396951,10157054,2013,North America
Dominican Republic,42.420288,14.188074,10282116,2014,North America
Dominican Republic,44.05903,14.858221,10405832,2015,North America
Dominican Republic,43.79484,13.6902275,10527589,2016,North America
Dominican Republic,42.61081,13.726321,10647247,2017,North America
El Salvador,26.244131,31.852596,5958482,2000,North America
El Salvador,25.71121,31.972866,6037817,2005,North America
El Salvador,25.339935,30.46194,6114039,2010,North America
El Salvador,26.707573,33.628265,6137354,2011,North America
El Salvador,26.256054,30.933975,6161293,2012,North America
El Salvador,28.761393,30.759882,6185641,2013,North America
El Salvador,31.994432,27.50259,6209528,2014,North America
El Salvador,32.43567,26.474731,6231072,2015,North America
El Salvador,31.513044,24.736486,6250513,2016,North America
El Salvador,30.76362,24.472292,6266661,2017,North America
Greenland,18.001251,13.957063,56204,2000,North America
Greenland,13.724942,13.768933,56909,2005,North America
Greenland,10.45282,13.922324,56374,2010,North America
Greenland,10.196838,14.096605,56310,2011,North America
Greenland,10.018764,13.406691,56217,2012,North America
Greenland,9.898953,12.757968,56116,2013,North America
Greenland,9.808102,12.510548,55972,2014,North America
Greenland,9.732668,11.762039,55916,2015,North America
Greenland,10.173411,11.572505,55941,2016,North America
Greenland,10.549432,11.60218,55951,2017,North America
Grenada,56.603695,27.4829,107442,2000,North America
Grenada,51.283768,27.777155,110268,2005,North America
Grenada,51.84475,27.472908,114058,2010,North America
Grenada,51.699753,28.139515,114933,2011,North America
Grenada,49.547432,26.468918,115930,2012,North America
Grenada,50.762207,25.847307,116954,2013,North America
Grenada,51.76155,24.287031,117986,2014,North America
Grenada,51.716553,24.162783,118994,2015,North America
Grenada,52.540195,22.88869,119973,2016,North America
Grenada,50.746403,22.722687,120934,2017,North America
Guatemala,40.333965,31.061728,11735893,2000,North America
Guatemala,32.348694,31.464653,13132818,2005,North America
Guatemala,31.908928,29.98259,14543126,2010,North America
Guatemala,32.941643,31.727331,14833458,2011,North America
Guatemala,34.13086,29.88626,15128307,2012,North America
Guatemala,35.634823,30.056824,15422663,2013,North America
Guatemala,36.701984,26.527855,15713744,2014,North America
Guatemala,37.007305,25.072725,16001105,2015,North America
Guatemala,35.90853,23.797829,16291004,2016,North America
Guatemala,34.350727,24.070648,16578718,2017,North America
Haiti,20.530067,17.77979,8360224,2000,North America
Haiti,21.515049,17.461773,9111901,2005,North America
Haiti,22.359612,17.795242,9842883,2010,North America
Haiti,23.251774,18.757917,9954318,2011,North America
Haiti,24.146114,17.480246,10108541,2012,North America
Haiti,25.16283,16.767012,10261205,2013,North America
Haiti,26.009823,16.262224,10412741,2014,North America
Haiti,26.381731,15.5402775,10563762,2015,North America
Haiti,26.192478,15.086483,10713845,2016,North America
Haiti,25.945627,15.019824,10863546,2017,North America
Honduras,23.359087,27.571625,6656727,2000,North America
Honduras,25.208574,28.079552,7564615,2005,North America
Honduras,27.29673,26.882952,8450936,2010,North America
Honduras,29.786802,28.900747,8622510,2011,North America
Honduras,33.26245,27.44715,8792370,2012,North America
Honduras,34.64406,27.684135,8960654,2013,North America
Honduras,35.506268,23.161541,9127851,2014,North America
Honduras,35.58891,22.406197,9294510,2015,North America
Honduras,33.44555,21.08696,9460798,2016,North America
Honduras,31.365662,20.62885,9626845,2017,North America
Jamaica,28.957714,15.893816,2612203,2000,North America
Jamaica,25.498539,16.009632,2676868,2005,North America
Jamaica,27.53786,16.091715,2733904,2010,North America
Jamaica,29.45052,16.5425,2746169,2011,North America
Jamaica,27.234013,15.460471,2759819,2012,North America
Jamaica,27.826475,14.931399,2773134,2013,North America
Jamaica,30.906887,14.074331,2784542,2014,North America
Jamaica,31.61295,14.17666,2794455,2015,North America
Jamaica,31.159101,13.395964,2802699,2016,North America
Jamaica,30.797943,13.404151,2808388,2017,North America
Mexico,43.163536,26.779182,97873448,2000,North America
Mexico,35.00569,26.8629,105442400,2005,North America
Mexico,32.62872,26.365438,112532400,2010,North America
Mexico,32.104996,27.741297,114150480,2011,North America
Mexico,32.43156,25.981659,115755912,2012,North America
Mexico,34.070885,25.44909,117290680,2013,North America
Mexico,34.61443,23.09969,118755888,2014,North America
Mexico,34.392986,22.132996,120149896,2015,North America
Mexico,33.557205,20.70683,121519224,2016,North America
Mexico,33.260563,20.921116,122839256,2017,North America
Nicaragua,17.392015,23.053408,5123223,2000,North America
Nicaragua,23.299423,23.029436,5454680,2005,North America
Nicaragua,23.709476,22.49227,5855736,2010,North America
Nicaragua,24.356085,22.47952,5942554,2011,North America
Nicaragua,25.142973,22.35271,6030605,2012,North America
Nicaragua,25.960106,21.929075,6119377,2013,North America
Nicaragua,26.44824,19.387722,6208680,2014,North America
Nicaragua,26.24539,18.569132,6298610,2015,North America
Nicaragua,25.76914,17.72773,6389237,2016,North America
Nicaragua,24.741348,17.61418,6480534,2017,North America
Panama,21.142256,14.383015,3001738,2000,North America
Panama,20.558058,14.115315,3305875,2005,North America
Panama,19.511135,14.138919,3623622,2010,North America
Panama,19.560347,14.296039,3688679,2011,North America
Panama,19.870007,13.972366,3754871,2012,North America
Panama,20.134705,13.39787,3821557,2013,North America
Panama,20.127993,12.921616,3888795,2014,North America
Panama,19.633476,12.490744,3957102,2015,North America
Panama,18.227455,11.465548,4026338,2016,North America
Panama,16.801258,11.400054,4096071,2017,North America
Puerto Rico,8.785413,10.436003,3827104,2000,North America
Puerto Rico,6.421042,10.399926,3805560,2005,North America
Puerto Rico,5.5236335,10.372548,3717920,2010,North America
Puerto Rico,5.8172607,10.579406,3691615,2011,North America
Puerto Rico,5.5637627,9.966245,3657989,2012,North America
Puerto Rico,5.709239,9.703754,3615028,2013,North America
Puerto Rico,5.639098,9.089228,3560008,2014,North America
Puerto Rico,5.361,8.92091,3497335,2015,North America
Puerto Rico,5.5329866,8.342872,3432745,2016,North America
Puerto Rico,5.6263137,8.349033,3366407,2017,North America
Saint Lucia,44.986572,27.096132,159513,2000,North America
Saint Lucia,39.726223,26.98485,165394,2005,North America
Saint Lucia,33.198563,27.635973,170950,2010,North America
Saint Lucia,32.903595,28.078655,172157,2011,North America
Saint Lucia,33.38153,26.367485,173139,2012,North America
Saint Lucia,35.454685,25.444801,173992,2013,North America
Saint Lucia,36.655273,24.236303,174814,2014,North America
Saint Lucia,37.422695,24.28324,175638,2015,North America
Saint Lucia,39.26983,22.3534,176429,2016,North America
Saint Lucia,38.681988,22.400818,177175,2017,North America
Saint Vincent and the Grenadines,51.03444,26.957932,113832,2000,North America
Saint Vincent and the Grenadines,44.240356,27.064135,112056,2005,North America
Saint Vincent and the Grenadines,45.267464,26.396658,109324,2010,North America
Saint Vincent and the Grenadines,46.98071,27.58281,108722,2011,North America
Saint Vincent and the Grenadines,48.692223,25.754078,108105,2012,North America
Saint Vincent and the Grenadines,50.13447,24.76218,107469,2013,North America
Saint Vincent and the Grenadines,51.673126,23.030931,106934,2014,North America
Saint Vincent and the Grenadines,51.64783,23.473171,106493,2015,North America
Saint Vincent and the Grenadines,50.006,22.076551,105971,2016,North America
Saint Vincent and the Grenadines,48.850086,22.200516,105568,2017,North America
Trinidad and Tobago,69.856804,28.794062,1332203,2000,North America
Trinidad and Tobago,55.381474,29.525936,1369078,2005,North America
Trinidad and Tobago,48.514866,28.704185,1410297,2010,North America
Trinidad and Tobago,46.83047,29.851625,1420021,2011,North America
Trinidad and Tobago,45.50909,27.942505,1430379,2012,North America
Trinidad and Tobago,47.566956,27.15874,1440731,2013,North America
Trinidad and Tobago,48.94672,24.855843,1450663,2014,North America
Trinidad and Tobago,49.60166,24.898077,1460180,2015,North America
Trinidad and Tobago,49.68303,24.23048,1469334,2016,North America
Trinidad and Tobago,48.77566,24.108568,1478616,2017,North America
United States,23.375648,9.525138,282398560,2000,North America
United States,18.499128,9.609824,296842656,2005,North America
United States,12.570955,9.358637,311182848,2010,North America
United States,11.9323435,9.740641,313876608,2011,North America
United States,11.277427,9.003163,316651328,2012,North America
United States,10.69071,8.734777,319375168,2013,North America
United States,10.149897,8.22072,322033952,2014,North America
United States,9.668971,8.06392,324607776,2015,North America
United States,9.031491,7.406464,327210208,2016,North America
United States,8.489827,7.4094415,329791232,2017,North America
United States Virgin Islands,16.768908,12.850756,108199,2000,North America
United States Virgin Islands,13.487498,12.76008,106499,2005,North America
United States Virgin Islands,16.143549,12.7521,106154,2010,North America
United States Virgin Islands,16.315952,12.993738,105491,2011,North America
United States Virgin Islands,16.61391,12.233123,104780,2012,North America
United States Virgin Islands,16.887106,11.955513,104070,2013,North America
United States Virgin Islands,17.147476,11.165816,103393,2014,North America
United States Virgin Islands,17.407907,11.028896,102808,2015,North America
United States Virgin Islands,17.287733,10.264843,102330,2016,North America
United States Virgin Islands,17.411495,10.265312,101860,2017,North America
Argentina,29.491955,16.780949,37070772,2000,South America
Argentina,25.345304,16.403086,39070504,2005,South America
Argentina,24.68364,16.8591,41100124,2010,South America
Argentina,24.800232,17.382982,41520736,2011,South America
Argentina,24.871346,16.135073,41952364,2012,South America
Argentina,25.103125,15.597375,42388268,2013,South America
Argentina,25.06936,14.46698,42824064,2014,South America
Argentina,25.365568,14.631626,43257064,2015,South America
Argentina,25.257277,13.751444,43668236,2016,South America
Argentina,24.21903,13.311834,44054616,2017,South America
Bolivia,47.61778,26.254442,8592656,2000,South America
Bolivia,43.46186,29.395643,9377395,2005,South America
Bolivia,48.241627,29.57281,10223277,2010,South America
Bolivia,48.123882,27.904205,10396249,2011,South America
Bolivia,47.79733,26.390244,10569697,2012,South America
Bolivia,47.401184,26.09047,10743352,2013,South America
Bolivia,46.877464,24.818829,10916991,2014,South America
Bolivia,46.550896,22.4764,11090090,2015,South America
Bolivia,46.649654,21.386604,11263016,2016,South America
Bolivia,46.95748,21.568987,11435535,2017,South America
Brazil,30.467281,15.773481,175873712,2000,South America
Brazil,28.102072,15.595925,186797344,2005,South America
Brazil,26.378757,15.955285,196353504,2010,South America
Brazil,25.444466,15.912798,198185296,2011,South America
Brazil,23.73579,15.285456,199977712,2012,South America
Brazil,22.245672,14.6099,201721776,2013,South America
Brazil,20.850407,13.989935,203459648,2014,South America
Brazil,20.1755,13.594656,205188208,2015,South America
Brazil,20.2205,12.658676,206859584,2016,South America
Brazil,19.633879,12.70663,208504960,2017,South America
Chile,32.438843,26.168594,15351803,2000,South America
Chile,28.689758,25.527317,16175315,2005,South America
Chile,26.94877,25.892292,17004166,2010,South America
Chile,26.613182,27.245867,17173568,2011,South America
Chile,26.747631,25.047155,17341770,2012,South America
Chile,27.040594,23.936693,17509926,2013,South America
Chile,26.879478,22.868252,17687108,2014,South America
Chile,26.543203,22.569792,17870122,2015,South America
Chile,24.843834,20.876871,18083880,2016,South America
Chile,24.180418,21.036299,18368582,2017,South America
Colombia,36.941196,20.05342,39215136,2000,South America
Colombia,29.85901,21.284775,42220944,2005,South America
Colombia,30.172497,21.497845,44816104,2010,South America
Colombia,28.309246,21.367779,45308896,2011,South America
Colombia,27.477781,20.536636,45782420,2012,South America
Colombia,26.564491,19.223349,46237928,2013,South America
Colombia,25.634146,18.344206,46677944,2014,South America
Colombia,25.461351,17.300283,47119728,2015,South America
Colombia,24.85936,16.5806,47625960,2016,South America
Colombia,24.321201,16.52721,48351668,2017,South America
Ecuador,25.442434,18.700266,12626511,2000,South America
Ecuador,31.263548,19.914669,13770015,2005,South America
Ecuador,33.380486,19.979189,14989581,2010,South America
Ecuador,32.552086,19.321995,15237734,2011,South America
Ecuador,32.890175,19.55771,15483884,2012,South America
Ecuador,32.834084,18.118608,15722988,2013,South America
Ecuador,32.571712,16.234188,15957995,2014,South America
Ecuador,32.003925,15.699708,16195904,2015,South America
Ecuador,31.10122,14.981578,16439588,2016,South America
Ecuador,30.223923,14.886101,16696947,2017,South America
Guyana,88.39862,27.390953,759059,2000,South America
Guyana,80.002174,27.777811,759713,2005,South America
Guyana,75.87894,27.311865,747937,2010,South America
Guyana,75.5394,27.929424,744235,2011,South America
Guyana,77.03273,26.901299,743970,2012,South America
Guyana,77.913704,24.855503,747424,2013,South America
Guyana,79.80414,23.648266,751126,2014,South America
Guyana,79.03966,23.887882,755043,2015,South America
Guyana,76.87344,22.371498,759097,2016,South America
Guyana,74.355415,22.375574,763265,2017,South America
Paraguay,19.056147,14.213086,5123817,2000,South America
Paraguay,19.389698,15.13047,5476881,2005,South America
Paraguay,20.839907,15.102923,5768618,2010,South America
Paraguay,20.032448,14.598119,5843938,2011,South America
Paraguay,19.1695,13.948306,5923327,2012,South America
Paraguay,18.819986,12.926569,6005656,2013,South America
Paraguay,17.729143,12.641075,6090727,2014,South America
Paraguay,17.55764,13.0380745,6177954,2015,South America
Paraguay,18.691998,11.6493225,6266623,2016,South America
Paraguay,19.194513,11.9090805,6355406,2017,South America
Peru,30.384264,30.273663,26654440,2000,South America
Peru,26.666286,32.29923,28147260,2005,South America
Peru,30.130373,31.502575,29229576,2010,South America
Peru,30.106585,31.571165,29477722,2011,South America
Peru,30.00367,30.494455,29749592,2012,South America
Peru,29.734272,29.743086,30038810,2013,South America
Peru,28.702057,27.582672,30353956,2014,South America
Peru,27.87405,26.037268,30711864,2015,South America
Peru,27.580482,25.542746,31132776,2016,South America
Peru,27.34773,24.786728,31605488,2017,South America
Suriname,60.028366,29.025892,479011,2000,South America
Suriname,51.437622,29.975704,516228,2005,South America
Suriname,45.302177,29.831888,546085,2010,South America
Suriname,44.715145,31.038721,552154,2011,South America
Suriname,45.43816,29.13361,558111,2012,South America
Suriname,48.643703,28.808317,563952,2013,South America
Suriname,51.781605,25.998848,569687,2014,South America
Suriname,53.829853,25.973284,575478,2015,South America
Suriname,51.609356,25.316978,581462,2016,South America
Suriname,48.33513,24.78001,587566,2017,South America
Uruguay,19.433567,11.367083,3292227,2000,South America
Uruguay,15.536609,10.918425,3317666,2005,South America
Uruguay,14.150408,11.027056,3352653,2010,South America
Uruguay,14.461606,11.468732,3361631,2011,South America
Uruguay,14.44889,10.567294,3371134,2012,South America
Uruguay,14.300298,10.4556055,3381187,2013,South America
Uruguay,14.066648,9.926816,3391660,2014,South America
Uruguay,14.071668,9.659454,3402820,2015,South America
Uruguay,13.497426,9.197441,3413768,2016,South America
Uruguay,13.084519,9.274883,3422205,2017,South America
Venezuela,44.256744,21.610283,24427732,2000,South America
Venezuela,41.897343,22.36926,26668790,2005,South America
Venezuela,44.53232,21.682869,28715026,2010,South America
Venezuela,44.104366,22.033108,29096158,2011,South America
Venezuela,44.18698,21.245728,29470428,2012,South America
Venezuela,42.48634,20.42895,29838022,2013,South America
Venezuela,41.806973,19.104061,30193260,2014,South America
Venezuela,41.22194,18.303005,30529722,2015,South America
Venezuela,41.260708,16.767994,30741464,2016,South America
Venezuela,41.299664,17.008554,30563430,2017,South America
Cote d'Ivoire,47.53003,25.263493,16799664,2000,Unknown
Cote d'Ivoire,46.502182,21.828812,18970216,2005,Unknown
Cote d'Ivoire,43.23624,21.617704,21120040,2010,Unknown
Cote d'Ivoire,44.462646,22.593073,21562916,2011,Unknown
Cote d'Ivoire,47.945877,22.494404,22010708,2012,Unknown
Cote d'Ivoire,52.43945,21.305544,22469272,2013,Unknown
Cote d'Ivoire,55.009663,20.900177,22995554,2014,Unknown
Cote d'Ivoire,55.88894,27.687494,23596738,2015,Unknown
Cote d'Ivoire,52.458225,26.674704,24213620,2016,Unknown
Cote d'Ivoire,50.020653,25.886267,24848024,2017,Unknown
Democratic Republic of Congo,22.911203,44.761745,48616328,2000,Unknown
Democratic Republic of Congo,19.07201,42.043438,56550244,2005,Unknown
Democratic Republic of Congo,20.025463,41.39804,66391260,2010,Unknown
Democratic Republic of Congo,21.285587,41.493286,68654272,2011,Unknown
Democratic Republic of Congo,23.596375,43.03677,70997872,2012,Unknown
Democratic Republic of Congo,25.976255,44.49576,73460032,2013,Unknown
Democratic Republic of Congo,27.834236,42.549446,76035592,2014,Unknown
Democratic Republic of Congo,28.47079,44.931187,78656904,2015,Unknown
Democratic Republic of Congo,28.053013,45.4995,81430976,2016,Unknown
Democratic Republic of Congo,27.838892,44.909264,84283272,2017,Unknown
Micronesia (country),37.704735,14.124484,111725,2000,Unknown
Micronesia (country),40.82701,14.006301,110957,2005,Unknown
Micronesia (country),43.083794,13.749246,107606,2010,Unknown
Micronesia (country),44.35344,13.731652,107897,2011,Unknown
Micronesia (country),46.380054,12.974439,108248,2012,Unknown
Micronesia (country),48.7207,12.742516,108616,2013,Unknown
Micronesia (country),50.718903,11.866869,109039,2014,Unknown
Micronesia (country),51.638504,11.725985,109477,2015,Unknown
Micronesia (country),49.022,11.134511,109934,2016,Unknown
Micronesia (country),46.312283,11.2834,110441,2017,Unknown
World,54.78287,45.9354,6148898816,2000,Unknown
World,54.20655,48.36383,6558176256,2005,Unknown
World,54.674088,50.252014,6985603072,2010,Unknown
World,54.79924,50.77349,7073125376,2011,Unknown
World,54.988297,47.540974,7161697792,2012,Unknown
World,55.37482,47.961926,7250593280,2013,Unknown
World,55.30599,45.958336,7339013632,2014,Unknown
World,54.889153,47.244926,7426597376,2015,Unknown
World,53.430916,45.165184,7513474048,2016,Unknown
World,52.096764,45.538048,7599822336,2017,Unknown
